package,path,size_bytes,sha256
montefiore_pdfua_unified_v5_01_rules_docs_prompts_2026-05-19,montefiore_pdfua_unified_v5_01_rules_docs_prompts_2026-05-19/README_START_HERE.md,1312,9e917bedccd2628b0b83cf3210de21a1c01a40828075fa120e41b18e4b0ea8de
montefiore_pdfua_unified_v5_01_rules_docs_prompts_2026-05-19,montefiore_pdfua_unified_v5_01_rules_docs_prompts_2026-05-19/checklists/PRE_HANDOFF_CHECKLIST.md,1345,e22ead925a200719d432c758f07778885a8a798f01fb32ab3f7745e7373f17ab
montefiore_pdfua_unified_v5_01_rules_docs_prompts_2026-05-19,montefiore_pdfua_unified_v5_01_rules_docs_prompts_2026-05-19/docs/HANDOFF_TEMPLATE.md,1040,bde74d7535cc4014cda441929fbe7e63370201642e8c1e25ff2191395952dd7f
montefiore_pdfua_unified_v5_01_rules_docs_prompts_2026-05-19,montefiore_pdfua_unified_v5_01_rules_docs_prompts_2026-05-19/docs/ORIGINAL_CONTINUATION_PROMPT_REFERENCE.md,5869,732e5ffd072650100196170d4256c1a0949ebeea0d460e925c5338681bdd26ab
montefiore_pdfua_unified_v5_01_rules_docs_prompts_2026-05-19,montefiore_pdfua_unified_v5_01_rules_docs_prompts_2026-05-19/docs/RUNBOOK.md,2846,2b9a4ae48a16ff590adbdb95deb31a7e105967b5972660ff1d0669a04318201d
montefiore_pdfua_unified_v5_01_rules_docs_prompts_2026-05-19,montefiore_pdfua_unified_v5_01_rules_docs_prompts_2026-05-19/legacy_original_2_0_2026_05_07/BINARIES_NOT_INCLUDED.md,314,c5dc7de93583aab6dae912cc6a017e0c5462000429a81028318f96ea6eae3397
montefiore_pdfua_unified_v5_01_rules_docs_prompts_2026-05-19,montefiore_pdfua_unified_v5_01_rules_docs_prompts_2026-05-19/legacy_original_2_0_2026_05_07/README_PART.md,634,1107d3791c95f83a0a351b699172fd50429d82a576b0b5f97ef963a91447ea86
montefiore_pdfua_unified_v5_01_rules_docs_prompts_2026-05-19,montefiore_pdfua_unified_v5_01_rules_docs_prompts_2026-05-19/legacy_original_2_0_2026_05_07/README_START_HERE.md,970,3958861d1cac8f256c185493d9496e55dbcf034287c9859c10170b0431cd281b
montefiore_pdfua_unified_v5_01_rules_docs_prompts_2026-05-19,montefiore_pdfua_unified_v5_01_rules_docs_prompts_2026-05-19/legacy_original_2_0_2026_05_07/docs/HANDOFF_TEMPLATE.md,711,4bafcf627632f8b29c97c6a07cd1e65a54f7eb0a3eec65c609f53e1f885d0501
montefiore_pdfua_unified_v5_01_rules_docs_prompts_2026-05-19,montefiore_pdfua_unified_v5_01_rules_docs_prompts_2026-05-19/legacy_original_2_0_2026_05_07/docs/RUNBOOK.md,2213,7e875f479bc8a2abc468ac404eea38278d7256d076f76541419a68b3fe04cb5e
montefiore_pdfua_unified_v5_01_rules_docs_prompts_2026-05-19,montefiore_pdfua_unified_v5_01_rules_docs_prompts_2026-05-19/legacy_original_2_0_2026_05_07/manifests/bundle_manifest.json,362,f74eb71da9f8e1aa9d9935e06ed1922f7f90351ba975c28af69428818477e6fd
montefiore_pdfua_unified_v5_01_rules_docs_prompts_2026-05-19,montefiore_pdfua_unified_v5_01_rules_docs_prompts_2026-05-19/legacy_original_2_0_2026_05_07/manifests/checksums.json,17856,948e6aa14fc74cb2ee15c1ab17d47a538f250cd4c49a104c27d778f9f2dcd243
montefiore_pdfua_unified_v5_01_rules_docs_prompts_2026-05-19,montefiore_pdfua_unified_v5_01_rules_docs_prompts_2026-05-19/legacy_original_2_0_2026_05_07/rules/CURRENT_PDFUA_REMEDIATION_RULESET.md,11164,ced99b4e9bfff67751800a147d21b8897b7c19e77efa555c508e339c9fe944a4
montefiore_pdfua_unified_v5_01_rules_docs_prompts_2026-05-19,montefiore_pdfua_unified_v5_01_rules_docs_prompts_2026-05-19/legacy_original_2_0_2026_05_07/rules/RULE_CHANGELOG.md,868,dd7ea67365704bd388b3ef5089789de734ed5a5e34dc0405837af1679dc227f2
montefiore_pdfua_unified_v5_01_rules_docs_prompts_2026-05-19,montefiore_pdfua_unified_v5_01_rules_docs_prompts_2026-05-19/legacy_original_2_0_2026_05_07/templates/START_NEW_CONTEXT_PROMPT.md,1148,2387532f0adbd9d5ecf053e49326d31a3e708fe61d90984f447fc4bb0dcddbbb
montefiore_pdfua_unified_v5_01_rules_docs_prompts_2026-05-19,montefiore_pdfua_unified_v5_01_rules_docs_prompts_2026-05-19/manifests/MANIFEST.json,505,b611e15ed1b98ddc1d1fb3e06161cb19e32d6d3c05c1e674511f8a1b0d77d418
montefiore_pdfua_unified_v5_01_rules_docs_prompts_2026-05-19,montefiore_pdfua_unified_v5_01_rules_docs_prompts_2026-05-19/manifests/MANIFEST.md,2671,237058efa8d787bd568aae0ed01ea78970af3b864577a1f12a6c3d31456d00e0
montefiore_pdfua_unified_v5_01_rules_docs_prompts_2026-05-19,montefiore_pdfua_unified_v5_01_rules_docs_prompts_2026-05-19/manifests/montefiore_pdfua_unified_v4_catalog.csv,60484,5b5270eb3d034859972c6c5cd8cee7e98a8faaf4d93168de14c275526c48eadb
montefiore_pdfua_unified_v5_01_rules_docs_prompts_2026-05-19,montefiore_pdfua_unified_v5_01_rules_docs_prompts_2026-05-19/manifests/montefiore_pdfua_unified_v5_catalog.csv,300851,a65e710f90933120676a50b6b00a1539ead426f8b843e28d17869512b6ca75d9
montefiore_pdfua_unified_v5_01_rules_docs_prompts_2026-05-19,montefiore_pdfua_unified_v5_01_rules_docs_prompts_2026-05-19/manifests/original_2_0_accounting.json,70,7c169e1df57e9bdc226832538a88da17ad57190257f161a8c305178dfbacfb47
montefiore_pdfua_unified_v5_01_rules_docs_prompts_2026-05-19,montefiore_pdfua_unified_v5_01_rules_docs_prompts_2026-05-19/previous_2026_05_19_handoff_reference/checklists/PRE_HANDOFF_CHECKLIST.md,1182,ab7c3cae7330afd0246197535de9d3a6446e87931a75024c4d0490490857fc59
montefiore_pdfua_unified_v5_01_rules_docs_prompts_2026-05-19,montefiore_pdfua_unified_v5_01_rules_docs_prompts_2026-05-19/previous_2026_05_19_handoff_reference/docs/ORIGINAL_CONTINUATION_PROMPT_REFERENCE.md,5869,732e5ffd072650100196170d4256c1a0949ebeea0d460e925c5338681bdd26ab
montefiore_pdfua_unified_v5_01_rules_docs_prompts_2026-05-19,montefiore_pdfua_unified_v5_01_rules_docs_prompts_2026-05-19/previous_2026_05_19_handoff_reference/docs/RUNBOOK.md,2989,84fa56342c0617c5bc84b4e7190e5d93eb133f9819e8da89204ca7c4c725c325
montefiore_pdfua_unified_v5_01_rules_docs_prompts_2026-05-19,montefiore_pdfua_unified_v5_01_rules_docs_prompts_2026-05-19/previous_2026_05_19_handoff_reference/manifests/CLEAN_PACKAGE_NOTES.md,502,90f5601df124c72c0f2f0bf58facb32f17fdf9966ca771be6ba0e27f141f52d7
montefiore_pdfua_unified_v5_01_rules_docs_prompts_2026-05-19,montefiore_pdfua_unified_v5_01_rules_docs_prompts_2026-05-19/previous_2026_05_19_handoff_reference/manifests/HANDOFF_CONTENTS.md,958,341de2b1813d15880b86a0870bbf292f46f8a7376cc5ab01904a87ed6b830146
montefiore_pdfua_unified_v5_01_rules_docs_prompts_2026-05-19,montefiore_pdfua_unified_v5_01_rules_docs_prompts_2026-05-19/previous_2026_05_19_handoff_reference/manifests/SHA256SUMS.txt,11519,8d51c49cd33fdd2fce3564ab0dc88aac9a65b91ead2e062a95d586bbcf8d8705
montefiore_pdfua_unified_v5_01_rules_docs_prompts_2026-05-19,montefiore_pdfua_unified_v5_01_rules_docs_prompts_2026-05-19/previous_2026_05_19_handoff_reference/prompts/START_NEW_CONTEXT_PROMPT_DETAILED.md,7456,f6c20c971b2b8101710b90400f91ad080b26c986035cd687ff5643d5f8a65dad
montefiore_pdfua_unified_v5_01_rules_docs_prompts_2026-05-19,montefiore_pdfua_unified_v5_01_rules_docs_prompts_2026-05-19/previous_2026_05_19_handoff_reference/rules/CURRENT_PDFUA_REMEDIATION_RULESET.md,12768,464990d0d926935af76219c99a2e7cd476e3c915e451ca934ccd83679fefabb7
montefiore_pdfua_unified_v5_01_rules_docs_prompts_2026-05-19,montefiore_pdfua_unified_v5_01_rules_docs_prompts_2026-05-19/previous_2026_05_19_handoff_reference/rules/METADATA_RULESET_RECAP.md,2595,92e0bd0c2ced2a176bb0b635ef3a9e25a8d5708d126de1d53b1a160bc6a27210
montefiore_pdfua_unified_v5_01_rules_docs_prompts_2026-05-19,montefiore_pdfua_unified_v5_01_rules_docs_prompts_2026-05-19/previous_2026_05_19_handoff_reference/templates/METADATA_AUDIT_FIELDS.csv,337,b44f01b44ca384cc2277c4a41d1fe62cdf9958ef8d2ce0e4045d1ebb07985249
montefiore_pdfua_unified_v5_01_rules_docs_prompts_2026-05-19,montefiore_pdfua_unified_v5_01_rules_docs_prompts_2026-05-19/previous_2026_05_19_handoff_reference/templates/STATUS_JSON_TEMPLATE.json,1014,b8afb6a9763225a71c099b95e38edbcbd4b81d11e378ea5a4ab93604640d692e
montefiore_pdfua_unified_v5_01_rules_docs_prompts_2026-05-19,montefiore_pdfua_unified_v5_01_rules_docs_prompts_2026-05-19/prompts/DEFAULT_PROJECT_BEHAVIOR.md,1108,e09a3a1e9b77badef1f6592f8fa6e51f8e8b913ea7734b26a99c04eee97800e5
montefiore_pdfua_unified_v5_01_rules_docs_prompts_2026-05-19,montefiore_pdfua_unified_v5_01_rules_docs_prompts_2026-05-19/prompts/START_NEW_CONTEXT_PROMPT.md,600,e77fafbb8b09d49955f9223aeebf1fb131893c8080fcc0bb7357c1a12116ac2d
montefiore_pdfua_unified_v5_01_rules_docs_prompts_2026-05-19,montefiore_pdfua_unified_v5_01_rules_docs_prompts_2026-05-19/rules/CONTRAST_REMEDIATION_REPORTING_RULE.md,522,49bf3b87a32a5f8ce550f660102182f5e387770585802c66d22415fab0beed35
montefiore_pdfua_unified_v5_01_rules_docs_prompts_2026-05-19,montefiore_pdfua_unified_v5_01_rules_docs_prompts_2026-05-19/rules/CURRENT_PDFUA_REMEDIATION_RULESET.md,11976,7bb8a5e1a966acb14b255163528cce1d5382bb99f923983c05e7b1130923cf6a
montefiore_pdfua_unified_v5_01_rules_docs_prompts_2026-05-19,montefiore_pdfua_unified_v5_01_rules_docs_prompts_2026-05-19/rules/METADATA_RULESET_RECAP.md,2595,92e0bd0c2ced2a176bb0b635ef3a9e25a8d5708d126de1d53b1a160bc6a27210
montefiore_pdfua_unified_v5_01_rules_docs_prompts_2026-05-19,montefiore_pdfua_unified_v5_01_rules_docs_prompts_2026-05-19/rules/REFERENCE_SCOPE_RULE.md,449,e0b47679a599b30336c979672d93a7813a4edab8747e78d982869dc2a88cef35
montefiore_pdfua_unified_v5_01_rules_docs_prompts_2026-05-19,montefiore_pdfua_unified_v5_01_rules_docs_prompts_2026-05-19/rules/TABLE_SEMANTICS_RULE.md,352,7a5ef704c69743218f21d65c66ca4704d0f89f3188c3d7aa09ef3f72e504ecc5
montefiore_pdfua_unified_v5_01_rules_docs_prompts_2026-05-19,montefiore_pdfua_unified_v5_01_rules_docs_prompts_2026-05-19/rules/V5_EXTERNAL_STATUS_RULE.md,448,e353a8a844fb131197eee05867d6a2eaae11877725b5cf4f29842b76ef2f39b7
montefiore_pdfua_unified_v5_01_rules_docs_prompts_2026-05-19,montefiore_pdfua_unified_v5_01_rules_docs_prompts_2026-05-19/rules/V5_HARD_MULTIPASS_GATE.md,572,c013e0667e58b49e88362753054256ddedd05c1003aecb2dc095370548f30e42
montefiore_pdfua_unified_v5_01_rules_docs_prompts_2026-05-19,montefiore_pdfua_unified_v5_01_rules_docs_prompts_2026-05-19/rules/V5_VERAPDF_PROFILE_SELECTION.md,399,56d09da6ea399029d8f683a2ec2296ba7b43493fe5b7eca2b009e1c2b470cf7f
montefiore_pdfua_unified_v5_01_rules_docs_prompts_2026-05-19,montefiore_pdfua_unified_v5_01_rules_docs_prompts_2026-05-19/templates/METADATA_AUDIT_FIELDS.csv,337,b44f01b44ca384cc2277c4a41d1fe62cdf9958ef8d2ce0e4045d1ebb07985249
montefiore_pdfua_unified_v5_01_rules_docs_prompts_2026-05-19,montefiore_pdfua_unified_v5_01_rules_docs_prompts_2026-05-19/templates/STATUS_JSON_TEMPLATE.json,1305,a080f4266c463931d2055dd3b78ffe031c968072524c9397ca256bce45f66f32
montefiore_pdfua_unified_v5_02_scripts_2026-05-19,montefiore_pdfua_unified_v5_02_scripts_2026-05-19/README_SCRIPTS.md,1118,cb4dc49ec61dcfb544c7032317094aebaa3bc2c4353176ce0a347f82992963ac
montefiore_pdfua_unified_v5_02_scripts_2026-05-19,montefiore_pdfua_unified_v5_02_scripts_2026-05-19/scripts/handoff_2026_05_19_reference/legacy_context_scripts/Scripts.zip,220244,25b52ce64aa8ab601b6f987606ed478a381e3da9a602f34e237626545c29ef15
montefiore_pdfua_unified_v5_02_scripts_2026-05-19,montefiore_pdfua_unified_v5_02_scripts_2026-05-19/scripts/handoff_2026_05_19_reference/legacy_context_scripts/extracted/_flatten_artifact_v2.py,24983,9fd1abf7a3d8aa628ab09142da6665edf8ec9ba9e5b969c940ae7f3c0eba6066
montefiore_pdfua_unified_v5_02_scripts_2026-05-19,montefiore_pdfua_unified_v5_02_scripts_2026-05-19/scripts/handoff_2026_05_19_reference/legacy_context_scripts/extracted/check_environment.py,2413,4f8cefda8079e5e383b06b6698a09f3a61142dfffd128282e1a8acf594b18973
montefiore_pdfua_unified_v5_02_scripts_2026-05-19,montefiore_pdfua_unified_v5_02_scripts_2026-05-19/scripts/handoff_2026_05_19_reference/legacy_context_scripts/extracted/check_environment_venv.sh,119,d7bae3ffdd3e7c9f6708a15af41dee536f649f095566d9940604dd5f4f543a8e
montefiore_pdfua_unified_v5_02_scripts_2026-05-19,montefiore_pdfua_unified_v5_02_scripts_2026-05-19/scripts/handoff_2026_05_19_reference/legacy_context_scripts/extracted/classify_pdf.py,9217,7725762891d22babbb6607142064df78cade0e5fd2b17b5586b08583c6c493fb
montefiore_pdfua_unified_v5_02_scripts_2026-05-19,montefiore_pdfua_unified_v5_02_scripts_2026-05-19/scripts/handoff_2026_05_19_reference/legacy_context_scripts/extracted/debug_struct_tree_minimal.py,2903,a3657e939e187a17fbf005e1a5095022c37712ec918d9e3355a1f33daa6c7718
montefiore_pdfua_unified_v5_02_scripts_2026-05-19,montefiore_pdfua_unified_v5_02_scripts_2026-05-19/scripts/handoff_2026_05_19_reference/legacy_context_scripts/extracted/fix_7_1_blocker.py,8915,23d0c3a46200b4c6b29e8f0f9d1e9049bb53c6855d1d82c74828747b9184e902
montefiore_pdfua_unified_v5_02_scripts_2026-05-19,montefiore_pdfua_unified_v5_02_scripts_2026-05-19/scripts/handoff_2026_05_19_reference/legacy_context_scripts/extracted/image_quality_qa.py,9827,e5f17b68f822389f31db1902e2a9cbb099b180943abc47b99d25b13087a31c1e
montefiore_pdfua_unified_v5_02_scripts_2026-05-19,montefiore_pdfua_unified_v5_02_scripts_2026-05-19/scripts/handoff_2026_05_19_reference/legacy_context_scripts/extracted/inspect_cidset_failure.py,3267,fe0b903b471a9bd2f486148fc03d77c28b80c3dbb0965871cf2bfe91e1736f6e
montefiore_pdfua_unified_v5_02_scripts_2026-05-19,montefiore_pdfua_unified_v5_02_scripts_2026-05-19/scripts/handoff_2026_05_19_reference/legacy_context_scripts/extracted/install_tools.sh,2556,4b8b614b66bc3f8ee77ca64babfb2a56288aa21b6696fe3e5a6294ea7235f61e
montefiore_pdfua_unified_v5_02_scripts_2026-05-19,montefiore_pdfua_unified_v5_02_scripts_2026-05-19/scripts/handoff_2026_05_19_reference/legacy_context_scripts/extracted/package_deliverables.py,1464,6f2c9a78308ca2a9218700b545bc298f7bb9fa9ac2a56964cad19d63511c5e95
montefiore_pdfua_unified_v5_02_scripts_2026-05-19,montefiore_pdfua_unified_v5_02_scripts_2026-05-19/scripts/handoff_2026_05_19_reference/legacy_context_scripts/extracted/process_image_only_production.py,27723,14d73b89803f406cc6a08c776b44e34bbb5268f302b2c7b287ff8a9e38bbc0a8
montefiore_pdfua_unified_v5_02_scripts_2026-05-19,montefiore_pdfua_unified_v5_02_scripts_2026-05-19/scripts/handoff_2026_05_19_reference/legacy_context_scripts/extracted/production_batch_002.py,40845,10409ba3ab576f5fd79913fc934e5e452c4a93d682663aa8b1e50494187fb48e
montefiore_pdfua_unified_v5_02_scripts_2026-05-19,montefiore_pdfua_unified_v5_02_scripts_2026-05-19/scripts/handoff_2026_05_19_reference/legacy_context_scripts/extracted/production_batch_003.py,48709,bd30c5addde2a577c43706b2505ee408d9c49248e9e13bd4906e87392dee5aa5
montefiore_pdfua_unified_v5_02_scripts_2026-05-19,montefiore_pdfua_unified_v5_02_scripts_2026-05-19/scripts/handoff_2026_05_19_reference/legacy_context_scripts/extracted/qa_compare_pages.py,12756,dab571df5e0d4483496496c58ed023c77d3609bc4b684d15bbb3f6b5f5e14f7a
montefiore_pdfua_unified_v5_02_scripts_2026-05-19,montefiore_pdfua_unified_v5_02_scripts_2026-05-19/scripts/handoff_2026_05_19_reference/legacy_context_scripts/extracted/remediate_batch.py,68046,e92d851873b453896ba7382adc85d0b4506ede122e0f145b38b6701dd0d360e0
montefiore_pdfua_unified_v5_02_scripts_2026-05-19,montefiore_pdfua_unified_v5_02_scripts_2026-05-19/scripts/handoff_2026_05_19_reference/legacy_context_scripts/extracted/reprocess_batch_003_failures.py,32700,3cdcc47ceafc9dc1ee9ba6842522a880e2fce2191f8e44366b15da51a027be46
montefiore_pdfua_unified_v5_02_scripts_2026-05-19,montefiore_pdfua_unified_v5_02_scripts_2026-05-19/scripts/handoff_2026_05_19_reference/legacy_context_scripts/extracted/run_image_only_diagram_plan_native_stream_jpeg_workflow.py,22862,314a90d81e790da2cf86f149704d2d54b194213b09b7eaf90d11b70d97061bbe
montefiore_pdfua_unified_v5_02_scripts_2026-05-19,montefiore_pdfua_unified_v5_02_scripts_2026-05-19/scripts/handoff_2026_05_19_reference/legacy_context_scripts/extracted/run_image_only_diagram_plan_native_stream_workflow.py,27966,e2f0b52acab6df0b3d05c0c32c2816948a7d8adc172a8ea5735faa76c7f4a211
montefiore_pdfua_unified_v5_02_scripts_2026-05-19,montefiore_pdfua_unified_v5_02_scripts_2026-05-19/scripts/handoff_2026_05_19_reference/legacy_context_scripts/extracted/run_image_only_diagram_plan_workflow.py,34297,5cf11b0cc07666d9059eae79b0ed2e8bae8f489024e13d54b9c1a7b0764371b7
montefiore_pdfua_unified_v5_02_scripts_2026-05-19,montefiore_pdfua_unified_v5_02_scripts_2026-05-19/scripts/handoff_2026_05_19_reference/legacy_context_scripts/extracted/run_image_only_scanned_text_form_workflow.py,14774,1181072bcae79c5deed256d9844e0408f74153097a8d8fd5491297593bce8327
montefiore_pdfua_unified_v5_02_scripts_2026-05-19,montefiore_pdfua_unified_v5_02_scripts_2026-05-19/scripts/handoff_2026_05_19_reference/legacy_context_scripts/extracted/run_native_form_workflow.py,106237,234ba3a8eedee2c581a917181f710a43d3ec3962a9d344b1d2353a4fe82244ca
montefiore_pdfua_unified_v5_02_scripts_2026-05-19,montefiore_pdfua_unified_v5_02_scripts_2026-05-19/scripts/handoff_2026_05_19_reference/legacy_context_scripts/extracted/run_native_text_workflow.py,79298,82b1fd481cc210972788e1a7161f09064d3de38b231fd70153608ed70d830a3d
montefiore_pdfua_unified_v5_02_scripts_2026-05-19,montefiore_pdfua_unified_v5_02_scripts_2026-05-19/scripts/handoff_2026_05_19_reference/legacy_context_scripts/extracted/run_production_batch.py,15729,d26d4644e292edccccd2a012279199eda97dbddbcd1fdaee1e0fec252b1e4958
montefiore_pdfua_unified_v5_02_scripts_2026-05-19,montefiore_pdfua_unified_v5_02_scripts_2026-05-19/scripts/handoff_2026_05_19_reference/legacy_context_scripts/extracted/run_table_link_untagged_content_repair.py,97223,aec67c4fe86557b80f76465f6a3e3d5a99f6a13c93ae5bd5f35bd7f95f818a67
montefiore_pdfua_unified_v5_02_scripts_2026-05-19,montefiore_pdfua_unified_v5_02_scripts_2026-05-19/scripts/handoff_2026_05_19_reference/legacy_context_scripts/extracted/run_table_page8_clean_marked_content_repair.py,654,d8f37f4fcd8286ec0ddf6eaccf7c3c86bce9136b681408915ee012438e7a3a5a
montefiore_pdfua_unified_v5_02_scripts_2026-05-19,montefiore_pdfua_unified_v5_02_scripts_2026-05-19/scripts/handoff_2026_05_19_reference/legacy_context_scripts/extracted/run_table_schedule_advanced_repair_workflow.py,84683,4549d32d5418d3dc65e9168ba84ee1f2f364680ef67a15733628d99dd1d6d161
montefiore_pdfua_unified_v5_02_scripts_2026-05-19,montefiore_pdfua_unified_v5_02_scripts_2026-05-19/scripts/handoff_2026_05_19_reference/legacy_context_scripts/extracted/run_table_schedule_workflow.py,81681,d12ea62f627657ac35c3200bbef557981aae99b0ffdcc27fc65c26e7a7936c5c
montefiore_pdfua_unified_v5_02_scripts_2026-05-19,montefiore_pdfua_unified_v5_02_scripts_2026-05-19/scripts/handoff_2026_05_19_reference/legacy_context_scripts/extracted/run_verapdf.py,6350,f7889f61825edbc339f9580fc61e9b33b3ccf17c1798784f04e0e1e7d64b1e82
montefiore_pdfua_unified_v5_02_scripts_2026-05-19,montefiore_pdfua_unified_v5_02_scripts_2026-05-19/scripts/handoff_2026_05_19_reference/legacy_context_scripts/extracted/validate_diagram_plan_canary.py,5096,fc8ce4db3c4e11e8f33e2f1a4ad81f46ee6bc0c9d6d769809b851869a05d8f67
montefiore_pdfua_unified_v5_02_scripts_2026-05-19,montefiore_pdfua_unified_v5_02_scripts_2026-05-19/scripts/handoff_2026_05_19_reference/legacy_context_scripts/extracted/validate_image_only_canary.py,3397,0db0047e12c866ff0877f4c52bac18d032a9806123a79617e10d3ab921188fc6
montefiore_pdfua_unified_v5_02_scripts_2026-05-19,montefiore_pdfua_unified_v5_02_scripts_2026-05-19/scripts/handoff_2026_05_19_reference/metadata_audit.py,2458,851c7453511c4e9df789c8d629726b2202f1fa84ed9234731d92c9a3b71cddc3
montefiore_pdfua_unified_v5_02_scripts_2026-05-19,montefiore_pdfua_unified_v5_02_scripts_2026-05-19/scripts/handoff_2026_05_19_reference/package_scaffold.py,862,b9751b650e9b6ede4d135c3dcd5898940a8a8b5ee7d616fcab5f3f3d13df6498
montefiore_pdfua_unified_v5_02_scripts_2026-05-19,montefiore_pdfua_unified_v5_02_scripts_2026-05-19/scripts/handoff_2026_05_19_reference/preservation_audit.py,2245,7c54bbec549d3cd81c1092c758075bbebe9df49fc5b6b688a20a3f4255bd898b
montefiore_pdfua_unified_v5_02_scripts_2026-05-19,montefiore_pdfua_unified_v5_02_scripts_2026-05-19/scripts/handoff_2026_05_19_reference/render_compare.py,2170,d12c490195da1c307f86275640044cf9c99f6ac72578c7379aa77cb72cb4fd2a
montefiore_pdfua_unified_v5_02_scripts_2026-05-19,montefiore_pdfua_unified_v5_02_scripts_2026-05-19/scripts/handoff_2026_05_19_reference/requirements.txt,38,c5affe50c897f03eceafc397b8b39e2c410ecb80d092aa13a86a7e52c248357f
montefiore_pdfua_unified_v5_02_scripts_2026-05-19,montefiore_pdfua_unified_v5_02_scripts_2026-05-19/scripts/handoff_2026_05_19_reference/run_qpdf.sh,293,1a0455745c9a65ccde7fc64282f77e5c8183c8155d6d0c714d4fe9799cdd465f
montefiore_pdfua_unified_v5_02_scripts_2026-05-19,montefiore_pdfua_unified_v5_02_scripts_2026-05-19/scripts/handoff_2026_05_19_reference/run_verapdf.sh,177,e2e58d29302da14cb0eff84e84a9124cc75c08af5a7fed060d7c4d530047799b
montefiore_pdfua_unified_v5_02_scripts_2026-05-19,montefiore_pdfua_unified_v5_02_scripts_2026-05-19/scripts/handoff_2026_05_19_reference/setup_environment.sh,807,6e1599c61be2eaeedc6bb01a682c1b9140e964290aa35b1098295710d4cc664d
montefiore_pdfua_unified_v5_02_scripts_2026-05-19,montefiore_pdfua_unified_v5_02_scripts_2026-05-19/scripts/legacy_context_scripts_unpacked/__pycache__/qa_compare_pages.cpython-313.pyc,20390,b9db4edbe78e63d5351b0e1afb1415a203a4f28433627b18bf79040cb8f7d266
montefiore_pdfua_unified_v5_02_scripts_2026-05-19,montefiore_pdfua_unified_v5_02_scripts_2026-05-19/scripts/legacy_context_scripts_unpacked/__pycache__/remediate_batch.cpython-313.pyc,92902,c2efe644c8f2898ab14b104bbaa935179263b21a091cdabfd062bb57b6992054
montefiore_pdfua_unified_v5_02_scripts_2026-05-19,montefiore_pdfua_unified_v5_02_scripts_2026-05-19/scripts/legacy_context_scripts_unpacked/__pycache__/run_native_text_workflow.cpython-313.pyc,101326,a684f2dc680c0d7e3d1241996e1904069482b39904d21c3e623b7aa99ce99003
montefiore_pdfua_unified_v5_02_scripts_2026-05-19,montefiore_pdfua_unified_v5_02_scripts_2026-05-19/scripts/legacy_context_scripts_unpacked/__pycache__/run_verapdf.cpython-313.pyc,9734,f2190be002f6171ac8d132d9516d7bdcd39f45cb4cab774d21298bfc6c85fde7
montefiore_pdfua_unified_v5_02_scripts_2026-05-19,montefiore_pdfua_unified_v5_02_scripts_2026-05-19/scripts/legacy_context_scripts_unpacked/_flatten_artifact_v2.py,24983,9fd1abf7a3d8aa628ab09142da6665edf8ec9ba9e5b969c940ae7f3c0eba6066
montefiore_pdfua_unified_v5_02_scripts_2026-05-19,montefiore_pdfua_unified_v5_02_scripts_2026-05-19/scripts/legacy_context_scripts_unpacked/check_environment.py,2413,4f8cefda8079e5e383b06b6698a09f3a61142dfffd128282e1a8acf594b18973
montefiore_pdfua_unified_v5_02_scripts_2026-05-19,montefiore_pdfua_unified_v5_02_scripts_2026-05-19/scripts/legacy_context_scripts_unpacked/check_environment_venv.sh,119,d7bae3ffdd3e7c9f6708a15af41dee536f649f095566d9940604dd5f4f543a8e
montefiore_pdfua_unified_v5_02_scripts_2026-05-19,montefiore_pdfua_unified_v5_02_scripts_2026-05-19/scripts/legacy_context_scripts_unpacked/classify_pdf.py,9217,7725762891d22babbb6607142064df78cade0e5fd2b17b5586b08583c6c493fb
montefiore_pdfua_unified_v5_02_scripts_2026-05-19,montefiore_pdfua_unified_v5_02_scripts_2026-05-19/scripts/legacy_context_scripts_unpacked/debug_struct_tree_minimal.py,2903,a3657e939e187a17fbf005e1a5095022c37712ec918d9e3355a1f33daa6c7718
montefiore_pdfua_unified_v5_02_scripts_2026-05-19,montefiore_pdfua_unified_v5_02_scripts_2026-05-19/scripts/legacy_context_scripts_unpacked/fix_7_1_blocker.py,8915,23d0c3a46200b4c6b29e8f0f9d1e9049bb53c6855d1d82c74828747b9184e902
montefiore_pdfua_unified_v5_02_scripts_2026-05-19,montefiore_pdfua_unified_v5_02_scripts_2026-05-19/scripts/legacy_context_scripts_unpacked/image_quality_qa.py,9827,e5f17b68f822389f31db1902e2a9cbb099b180943abc47b99d25b13087a31c1e
montefiore_pdfua_unified_v5_02_scripts_2026-05-19,montefiore_pdfua_unified_v5_02_scripts_2026-05-19/scripts/legacy_context_scripts_unpacked/inspect_cidset_failure.py,3267,fe0b903b471a9bd2f486148fc03d77c28b80c3dbb0965871cf2bfe91e1736f6e
montefiore_pdfua_unified_v5_02_scripts_2026-05-19,montefiore_pdfua_unified_v5_02_scripts_2026-05-19/scripts/legacy_context_scripts_unpacked/install_tools.sh,2556,4b8b614b66bc3f8ee77ca64babfb2a56288aa21b6696fe3e5a6294ea7235f61e
montefiore_pdfua_unified_v5_02_scripts_2026-05-19,montefiore_pdfua_unified_v5_02_scripts_2026-05-19/scripts/legacy_context_scripts_unpacked/package_deliverables.py,1464,6f2c9a78308ca2a9218700b545bc298f7bb9fa9ac2a56964cad19d63511c5e95
montefiore_pdfua_unified_v5_02_scripts_2026-05-19,montefiore_pdfua_unified_v5_02_scripts_2026-05-19/scripts/legacy_context_scripts_unpacked/process_image_only_production.py,27723,14d73b89803f406cc6a08c776b44e34bbb5268f302b2c7b287ff8a9e38bbc0a8
montefiore_pdfua_unified_v5_02_scripts_2026-05-19,montefiore_pdfua_unified_v5_02_scripts_2026-05-19/scripts/legacy_context_scripts_unpacked/production_batch_002.py,40845,10409ba3ab576f5fd79913fc934e5e452c4a93d682663aa8b1e50494187fb48e
montefiore_pdfua_unified_v5_02_scripts_2026-05-19,montefiore_pdfua_unified_v5_02_scripts_2026-05-19/scripts/legacy_context_scripts_unpacked/production_batch_003.py,48709,bd30c5addde2a577c43706b2505ee408d9c49248e9e13bd4906e87392dee5aa5
montefiore_pdfua_unified_v5_02_scripts_2026-05-19,montefiore_pdfua_unified_v5_02_scripts_2026-05-19/scripts/legacy_context_scripts_unpacked/qa_compare_pages.py,12756,dab571df5e0d4483496496c58ed023c77d3609bc4b684d15bbb3f6b5f5e14f7a
montefiore_pdfua_unified_v5_02_scripts_2026-05-19,montefiore_pdfua_unified_v5_02_scripts_2026-05-19/scripts/legacy_context_scripts_unpacked/remediate_batch.py,68046,e92d851873b453896ba7382adc85d0b4506ede122e0f145b38b6701dd0d360e0
montefiore_pdfua_unified_v5_02_scripts_2026-05-19,montefiore_pdfua_unified_v5_02_scripts_2026-05-19/scripts/legacy_context_scripts_unpacked/reprocess_batch_003_failures.py,32700,3cdcc47ceafc9dc1ee9ba6842522a880e2fce2191f8e44366b15da51a027be46
montefiore_pdfua_unified_v5_02_scripts_2026-05-19,montefiore_pdfua_unified_v5_02_scripts_2026-05-19/scripts/legacy_context_scripts_unpacked/run_image_only_diagram_plan_native_stream_jpeg_workflow.py,22862,314a90d81e790da2cf86f149704d2d54b194213b09b7eaf90d11b70d97061bbe
montefiore_pdfua_unified_v5_02_scripts_2026-05-19,montefiore_pdfua_unified_v5_02_scripts_2026-05-19/scripts/legacy_context_scripts_unpacked/run_image_only_diagram_plan_native_stream_workflow.py,27966,e2f0b52acab6df0b3d05c0c32c2816948a7d8adc172a8ea5735faa76c7f4a211
montefiore_pdfua_unified_v5_02_scripts_2026-05-19,montefiore_pdfua_unified_v5_02_scripts_2026-05-19/scripts/legacy_context_scripts_unpacked/run_image_only_diagram_plan_workflow.py,34297,5cf11b0cc07666d9059eae79b0ed2e8bae8f489024e13d54b9c1a7b0764371b7
montefiore_pdfua_unified_v5_02_scripts_2026-05-19,montefiore_pdfua_unified_v5_02_scripts_2026-05-19/scripts/legacy_context_scripts_unpacked/run_image_only_scanned_text_form_workflow.py,14774,1181072bcae79c5deed256d9844e0408f74153097a8d8fd5491297593bce8327
montefiore_pdfua_unified_v5_02_scripts_2026-05-19,montefiore_pdfua_unified_v5_02_scripts_2026-05-19/scripts/legacy_context_scripts_unpacked/run_native_form_workflow.py,106237,234ba3a8eedee2c581a917181f710a43d3ec3962a9d344b1d2353a4fe82244ca
montefiore_pdfua_unified_v5_02_scripts_2026-05-19,montefiore_pdfua_unified_v5_02_scripts_2026-05-19/scripts/legacy_context_scripts_unpacked/run_native_text_workflow.py,79298,82b1fd481cc210972788e1a7161f09064d3de38b231fd70153608ed70d830a3d
montefiore_pdfua_unified_v5_02_scripts_2026-05-19,montefiore_pdfua_unified_v5_02_scripts_2026-05-19/scripts/legacy_context_scripts_unpacked/run_production_batch.py,15729,d26d4644e292edccccd2a012279199eda97dbddbcd1fdaee1e0fec252b1e4958
montefiore_pdfua_unified_v5_02_scripts_2026-05-19,montefiore_pdfua_unified_v5_02_scripts_2026-05-19/scripts/legacy_context_scripts_unpacked/run_table_link_untagged_content_repair.py,97223,aec67c4fe86557b80f76465f6a3e3d5a99f6a13c93ae5bd5f35bd7f95f818a67
montefiore_pdfua_unified_v5_02_scripts_2026-05-19,montefiore_pdfua_unified_v5_02_scripts_2026-05-19/scripts/legacy_context_scripts_unpacked/run_table_page8_clean_marked_content_repair.py,654,d8f37f4fcd8286ec0ddf6eaccf7c3c86bce9136b681408915ee012438e7a3a5a
montefiore_pdfua_unified_v5_02_scripts_2026-05-19,montefiore_pdfua_unified_v5_02_scripts_2026-05-19/scripts/legacy_context_scripts_unpacked/run_table_schedule_advanced_repair_workflow.py,84683,4549d32d5418d3dc65e9168ba84ee1f2f364680ef67a15733628d99dd1d6d161
montefiore_pdfua_unified_v5_02_scripts_2026-05-19,montefiore_pdfua_unified_v5_02_scripts_2026-05-19/scripts/legacy_context_scripts_unpacked/run_table_schedule_workflow.py,81681,d12ea62f627657ac35c3200bbef557981aae99b0ffdcc27fc65c26e7a7936c5c
montefiore_pdfua_unified_v5_02_scripts_2026-05-19,montefiore_pdfua_unified_v5_02_scripts_2026-05-19/scripts/legacy_context_scripts_unpacked/run_verapdf.py,6350,f7889f61825edbc339f9580fc61e9b33b3ccf17c1798784f04e0e1e7d64b1e82
montefiore_pdfua_unified_v5_02_scripts_2026-05-19,montefiore_pdfua_unified_v5_02_scripts_2026-05-19/scripts/legacy_context_scripts_unpacked/validate_diagram_plan_canary.py,5096,fc8ce4db3c4e11e8f33e2f1a4ad81f46ee6bc0c9d6d769809b851869a05d8f67
montefiore_pdfua_unified_v5_02_scripts_2026-05-19,montefiore_pdfua_unified_v5_02_scripts_2026-05-19/scripts/legacy_context_scripts_unpacked/validate_image_only_canary.py,3397,0db0047e12c866ff0877f4c52bac18d032a9806123a79617e10d3ab921188fc6
montefiore_pdfua_unified_v5_02_scripts_2026-05-19,montefiore_pdfua_unified_v5_02_scripts_2026-05-19/scripts/local_wcag/contrast_audit.py,860,65e050d8e679bd9e3dc6a8e8559674c467c169945f03da7e302b01cfaec2d164
montefiore_pdfua_unified_v5_02_scripts_2026-05-19,montefiore_pdfua_unified_v5_02_scripts_2026-05-19/scripts/local_wcag/parse_verapdf_summary.py,2535,5c69edf612893a90c246cd59a61864ea84a71777023d22c884b26ae868e59483
montefiore_pdfua_unified_v5_02_scripts_2026-05-19,montefiore_pdfua_unified_v5_02_scripts_2026-05-19/scripts/local_wcag/run_qpdf_check.sh,302,8d6e39df30439732b58362a3f7dc3b6f8cb01788888c50e4e8a1c8ec1ee5f2b0
montefiore_pdfua_unified_v5_02_scripts_2026-05-19,montefiore_pdfua_unified_v5_02_scripts_2026-05-19/scripts/local_wcag/run_verapdf_profiles.sh,3053,fdb6132c35b7ca8bdecd8627817d965954a29fe8e5e42cfa0b85f117013f864e
montefiore_pdfua_unified_v5_02_scripts_2026-05-19,montefiore_pdfua_unified_v5_02_scripts_2026-05-19/scripts/local_wcag/table_semantics_audit.py,652,c5bf6a26ace7c753abfe99ac1ebfeb5f3c257e9857894e6ca135ba31229f3da0
montefiore_pdfua_unified_v5_02_scripts_2026-05-19,montefiore_pdfua_unified_v5_02_scripts_2026-05-19/scripts/original_2_0_2026_05_07/legacy_context_scripts/Scripts.zip,220244,25b52ce64aa8ab601b6f987606ed478a381e3da9a602f34e237626545c29ef15
montefiore_pdfua_unified_v5_02_scripts_2026-05-19,montefiore_pdfua_unified_v5_02_scripts_2026-05-19/scripts/original_2_0_2026_05_07/legacy_context_scripts/extracted/_flatten_artifact_v2.py,24983,9fd1abf7a3d8aa628ab09142da6665edf8ec9ba9e5b969c940ae7f3c0eba6066
montefiore_pdfua_unified_v5_02_scripts_2026-05-19,montefiore_pdfua_unified_v5_02_scripts_2026-05-19/scripts/original_2_0_2026_05_07/legacy_context_scripts/extracted/check_environment.py,2413,4f8cefda8079e5e383b06b6698a09f3a61142dfffd128282e1a8acf594b18973
montefiore_pdfua_unified_v5_02_scripts_2026-05-19,montefiore_pdfua_unified_v5_02_scripts_2026-05-19/scripts/original_2_0_2026_05_07/legacy_context_scripts/extracted/check_environment_venv.sh,119,d7bae3ffdd3e7c9f6708a15af41dee536f649f095566d9940604dd5f4f543a8e
montefiore_pdfua_unified_v5_02_scripts_2026-05-19,montefiore_pdfua_unified_v5_02_scripts_2026-05-19/scripts/original_2_0_2026_05_07/legacy_context_scripts/extracted/classify_pdf.py,9217,7725762891d22babbb6607142064df78cade0e5fd2b17b5586b08583c6c493fb
montefiore_pdfua_unified_v5_02_scripts_2026-05-19,montefiore_pdfua_unified_v5_02_scripts_2026-05-19/scripts/original_2_0_2026_05_07/legacy_context_scripts/extracted/debug_struct_tree_minimal.py,2903,a3657e939e187a17fbf005e1a5095022c37712ec918d9e3355a1f33daa6c7718
montefiore_pdfua_unified_v5_02_scripts_2026-05-19,montefiore_pdfua_unified_v5_02_scripts_2026-05-19/scripts/original_2_0_2026_05_07/legacy_context_scripts/extracted/fix_7_1_blocker.py,8915,23d0c3a46200b4c6b29e8f0f9d1e9049bb53c6855d1d82c74828747b9184e902
montefiore_pdfua_unified_v5_02_scripts_2026-05-19,montefiore_pdfua_unified_v5_02_scripts_2026-05-19/scripts/original_2_0_2026_05_07/legacy_context_scripts/extracted/image_quality_qa.py,9827,e5f17b68f822389f31db1902e2a9cbb099b180943abc47b99d25b13087a31c1e
montefiore_pdfua_unified_v5_02_scripts_2026-05-19,montefiore_pdfua_unified_v5_02_scripts_2026-05-19/scripts/original_2_0_2026_05_07/legacy_context_scripts/extracted/inspect_cidset_failure.py,3267,fe0b903b471a9bd2f486148fc03d77c28b80c3dbb0965871cf2bfe91e1736f6e
montefiore_pdfua_unified_v5_02_scripts_2026-05-19,montefiore_pdfua_unified_v5_02_scripts_2026-05-19/scripts/original_2_0_2026_05_07/legacy_context_scripts/extracted/install_tools.sh,2556,4b8b614b66bc3f8ee77ca64babfb2a56288aa21b6696fe3e5a6294ea7235f61e
montefiore_pdfua_unified_v5_02_scripts_2026-05-19,montefiore_pdfua_unified_v5_02_scripts_2026-05-19/scripts/original_2_0_2026_05_07/legacy_context_scripts/extracted/package_deliverables.py,1464,6f2c9a78308ca2a9218700b545bc298f7bb9fa9ac2a56964cad19d63511c5e95
montefiore_pdfua_unified_v5_02_scripts_2026-05-19,montefiore_pdfua_unified_v5_02_scripts_2026-05-19/scripts/original_2_0_2026_05_07/legacy_context_scripts/extracted/process_image_only_production.py,27723,14d73b89803f406cc6a08c776b44e34bbb5268f302b2c7b287ff8a9e38bbc0a8
montefiore_pdfua_unified_v5_02_scripts_2026-05-19,montefiore_pdfua_unified_v5_02_scripts_2026-05-19/scripts/original_2_0_2026_05_07/legacy_context_scripts/extracted/production_batch_002.py,40845,10409ba3ab576f5fd79913fc934e5e452c4a93d682663aa8b1e50494187fb48e
montefiore_pdfua_unified_v5_02_scripts_2026-05-19,montefiore_pdfua_unified_v5_02_scripts_2026-05-19/scripts/original_2_0_2026_05_07/legacy_context_scripts/extracted/production_batch_003.py,48709,bd30c5addde2a577c43706b2505ee408d9c49248e9e13bd4906e87392dee5aa5
montefiore_pdfua_unified_v5_02_scripts_2026-05-19,montefiore_pdfua_unified_v5_02_scripts_2026-05-19/scripts/original_2_0_2026_05_07/legacy_context_scripts/extracted/qa_compare_pages.py,12756,dab571df5e0d4483496496c58ed023c77d3609bc4b684d15bbb3f6b5f5e14f7a
montefiore_pdfua_unified_v5_02_scripts_2026-05-19,montefiore_pdfua_unified_v5_02_scripts_2026-05-19/scripts/original_2_0_2026_05_07/legacy_context_scripts/extracted/remediate_batch.py,68046,e92d851873b453896ba7382adc85d0b4506ede122e0f145b38b6701dd0d360e0
montefiore_pdfua_unified_v5_02_scripts_2026-05-19,montefiore_pdfua_unified_v5_02_scripts_2026-05-19/scripts/original_2_0_2026_05_07/legacy_context_scripts/extracted/reprocess_batch_003_failures.py,32700,3cdcc47ceafc9dc1ee9ba6842522a880e2fce2191f8e44366b15da51a027be46
montefiore_pdfua_unified_v5_02_scripts_2026-05-19,montefiore_pdfua_unified_v5_02_scripts_2026-05-19/scripts/original_2_0_2026_05_07/legacy_context_scripts/extracted/run_image_only_diagram_plan_native_stream_jpeg_workflow.py,22862,314a90d81e790da2cf86f149704d2d54b194213b09b7eaf90d11b70d97061bbe
montefiore_pdfua_unified_v5_02_scripts_2026-05-19,montefiore_pdfua_unified_v5_02_scripts_2026-05-19/scripts/original_2_0_2026_05_07/legacy_context_scripts/extracted/run_image_only_diagram_plan_native_stream_workflow.py,27966,e2f0b52acab6df0b3d05c0c32c2816948a7d8adc172a8ea5735faa76c7f4a211
montefiore_pdfua_unified_v5_02_scripts_2026-05-19,montefiore_pdfua_unified_v5_02_scripts_2026-05-19/scripts/original_2_0_2026_05_07/legacy_context_scripts/extracted/run_image_only_diagram_plan_workflow.py,34297,5cf11b0cc07666d9059eae79b0ed2e8bae8f489024e13d54b9c1a7b0764371b7
montefiore_pdfua_unified_v5_02_scripts_2026-05-19,montefiore_pdfua_unified_v5_02_scripts_2026-05-19/scripts/original_2_0_2026_05_07/legacy_context_scripts/extracted/run_image_only_scanned_text_form_workflow.py,14774,1181072bcae79c5deed256d9844e0408f74153097a8d8fd5491297593bce8327
montefiore_pdfua_unified_v5_02_scripts_2026-05-19,montefiore_pdfua_unified_v5_02_scripts_2026-05-19/scripts/original_2_0_2026_05_07/legacy_context_scripts/extracted/run_native_form_workflow.py,106237,234ba3a8eedee2c581a917181f710a43d3ec3962a9d344b1d2353a4fe82244ca
montefiore_pdfua_unified_v5_02_scripts_2026-05-19,montefiore_pdfua_unified_v5_02_scripts_2026-05-19/scripts/original_2_0_2026_05_07/legacy_context_scripts/extracted/run_native_text_workflow.py,79298,82b1fd481cc210972788e1a7161f09064d3de38b231fd70153608ed70d830a3d
montefiore_pdfua_unified_v5_02_scripts_2026-05-19,montefiore_pdfua_unified_v5_02_scripts_2026-05-19/scripts/original_2_0_2026_05_07/legacy_context_scripts/extracted/run_production_batch.py,15729,d26d4644e292edccccd2a012279199eda97dbddbcd1fdaee1e0fec252b1e4958
montefiore_pdfua_unified_v5_02_scripts_2026-05-19,montefiore_pdfua_unified_v5_02_scripts_2026-05-19/scripts/original_2_0_2026_05_07/legacy_context_scripts/extracted/run_table_link_untagged_content_repair.py,97223,aec67c4fe86557b80f76465f6a3e3d5a99f6a13c93ae5bd5f35bd7f95f818a67
montefiore_pdfua_unified_v5_02_scripts_2026-05-19,montefiore_pdfua_unified_v5_02_scripts_2026-05-19/scripts/original_2_0_2026_05_07/legacy_context_scripts/extracted/run_table_page8_clean_marked_content_repair.py,654,d8f37f4fcd8286ec0ddf6eaccf7c3c86bce9136b681408915ee012438e7a3a5a
montefiore_pdfua_unified_v5_02_scripts_2026-05-19,montefiore_pdfua_unified_v5_02_scripts_2026-05-19/scripts/original_2_0_2026_05_07/legacy_context_scripts/extracted/run_table_schedule_advanced_repair_workflow.py,84683,4549d32d5418d3dc65e9168ba84ee1f2f364680ef67a15733628d99dd1d6d161
montefiore_pdfua_unified_v5_02_scripts_2026-05-19,montefiore_pdfua_unified_v5_02_scripts_2026-05-19/scripts/original_2_0_2026_05_07/legacy_context_scripts/extracted/run_table_schedule_workflow.py,81681,d12ea62f627657ac35c3200bbef557981aae99b0ffdcc27fc65c26e7a7936c5c
montefiore_pdfua_unified_v5_02_scripts_2026-05-19,montefiore_pdfua_unified_v5_02_scripts_2026-05-19/scripts/original_2_0_2026_05_07/legacy_context_scripts/extracted/run_verapdf.py,6350,f7889f61825edbc339f9580fc61e9b33b3ccf17c1798784f04e0e1e7d64b1e82
montefiore_pdfua_unified_v5_02_scripts_2026-05-19,montefiore_pdfua_unified_v5_02_scripts_2026-05-19/scripts/original_2_0_2026_05_07/legacy_context_scripts/extracted/validate_diagram_plan_canary.py,5096,fc8ce4db3c4e11e8f33e2f1a4ad81f46ee6bc0c9d6d769809b851869a05d8f67
montefiore_pdfua_unified_v5_02_scripts_2026-05-19,montefiore_pdfua_unified_v5_02_scripts_2026-05-19/scripts/original_2_0_2026_05_07/legacy_context_scripts/extracted/validate_image_only_canary.py,3397,0db0047e12c866ff0877f4c52bac18d032a9806123a79617e10d3ab921188fc6
montefiore_pdfua_unified_v5_02_scripts_2026-05-19,montefiore_pdfua_unified_v5_02_scripts_2026-05-19/scripts/original_2_0_2026_05_07/metadata_audit.py,2458,851c7453511c4e9df789c8d629726b2202f1fa84ed9234731d92c9a3b71cddc3
montefiore_pdfua_unified_v5_02_scripts_2026-05-19,montefiore_pdfua_unified_v5_02_scripts_2026-05-19/scripts/original_2_0_2026_05_07/package_scaffold.py,862,b9751b650e9b6ede4d135c3dcd5898940a8a8b5ee7d616fcab5f3f3d13df6498
montefiore_pdfua_unified_v5_02_scripts_2026-05-19,montefiore_pdfua_unified_v5_02_scripts_2026-05-19/scripts/original_2_0_2026_05_07/preservation_audit.py,2245,7c54bbec549d3cd81c1092c758075bbebe9df49fc5b6b688a20a3f4255bd898b
montefiore_pdfua_unified_v5_02_scripts_2026-05-19,montefiore_pdfua_unified_v5_02_scripts_2026-05-19/scripts/original_2_0_2026_05_07/render_compare.py,2170,d12c490195da1c307f86275640044cf9c99f6ac72578c7379aa77cb72cb4fd2a
montefiore_pdfua_unified_v5_02_scripts_2026-05-19,montefiore_pdfua_unified_v5_02_scripts_2026-05-19/scripts/original_2_0_2026_05_07/requirements.txt,38,c5affe50c897f03eceafc397b8b39e2c410ecb80d092aa13a86a7e52c248357f
montefiore_pdfua_unified_v5_02_scripts_2026-05-19,montefiore_pdfua_unified_v5_02_scripts_2026-05-19/scripts/original_2_0_2026_05_07/run_qpdf.sh,293,1a0455745c9a65ccde7fc64282f77e5c8183c8155d6d0c714d4fe9799cdd465f
montefiore_pdfua_unified_v5_02_scripts_2026-05-19,montefiore_pdfua_unified_v5_02_scripts_2026-05-19/scripts/original_2_0_2026_05_07/run_verapdf.sh,177,e2e58d29302da14cb0eff84e84a9124cc75c08af5a7fed060d7c4d530047799b
montefiore_pdfua_unified_v5_02_scripts_2026-05-19,montefiore_pdfua_unified_v5_02_scripts_2026-05-19/scripts/original_2_0_2026_05_07/setup_environment.sh,807,6e1599c61be2eaeedc6bb01a682c1b9140e964290aa35b1098295710d4cc664d
montefiore_pdfua_unified_v5_02_scripts_2026-05-19,montefiore_pdfua_unified_v5_02_scripts_2026-05-19/scripts/validation_profiles/README.md,480,2773e4dba4a34b3d7e7d2883ac0796f4da206371e342894d0e66ad1a3512f725
montefiore_pdfua_unified_v5_02_scripts_2026-05-19,montefiore_pdfua_unified_v5_02_scripts_2026-05-19/scripts/validation_profiles/veraPDF-validation-profiles-integration/.github/workflows/slack-reminder-about-profile-update.yml,2577,9d292230c619a6da4d5eb1cad62efc7a27b41d9c61149cf5e4b1aa1347f72104
montefiore_pdfua_unified_v5_02_scripts_2026-05-19,montefiore_pdfua_unified_v5_02_scripts_2026-05-19/scripts/validation_profiles/veraPDF-validation-profiles-integration/.github/workflows/trigger-increment-workflow.yml,895,d06618944090731ef3ff5e0cc34aa12ff1718e7ca22b931ed8515ad8e1ececb4
montefiore_pdfua_unified_v5_02_scripts_2026-05-19,montefiore_pdfua_unified_v5_02_scripts_2026-05-19/scripts/validation_profiles/veraPDF-validation-profiles-integration/.github/workflows/update-PDFA-profiles-workflow.yml,1481,4d81fb870e64db23928d642f910d3e921a3097497b205918ab069de78feccf6a
montefiore_pdfua_unified_v5_02_scripts_2026-05-19,montefiore_pdfua_unified_v5_02_scripts_2026-05-19/scripts/validation_profiles/veraPDF-validation-profiles-integration/.github/workflows/update-PDFUA-profiles-workflow.yml,1377,8655baf1f2acf4b305e6ecaf8509725d4ad8505bd356523be236e6cea363846d
montefiore_pdfua_unified_v5_02_scripts_2026-05-19,montefiore_pdfua_unified_v5_02_scripts_2026-05-19/scripts/validation_profiles/veraPDF-validation-profiles-integration/.github/workflows/update-library-PDFA-profiles-workflow.yml,1676,d8de244b95680bad8e6ca0e1e1429f9df0c8bad0639252b9540c686bca322a53
montefiore_pdfua_unified_v5_02_scripts_2026-05-19,montefiore_pdfua_unified_v5_02_scripts_2026-05-19/scripts/validation_profiles/veraPDF-validation-profiles-integration/.github/workflows/update-library-PDFUA-profiles-workflow.yml,1793,08fe5b6ec3184783b51bd7ec168f7b96ab53086d0ff7c17d21941099af1162f3
montefiore_pdfua_unified_v5_02_scripts_2026-05-19,montefiore_pdfua_unified_v5_02_scripts_2026-05-19/scripts/validation_profiles/veraPDF-validation-profiles-integration/PDF_A/1a/6.3 Fonts/6.3.8 Unicode character maps/verapdf-profile-6-3-8-t01.xml,2218,0af3b2638247cac824a074c8a9526be8ae605089c1f2642b0be22d47dc9c33b7
montefiore_pdfua_unified_v5_02_scripts_2026-05-19,montefiore_pdfua_unified_v5_02_scripts_2026-05-19/scripts/validation_profiles/veraPDF-validation-profiles-integration/PDF_A/1a/6.7 Metadata/6.7.11 Version and conformance level identification/verapdf-profile-6-7-11-t03.xml,1179,b6202298ce516ba37a581a0d1a346c2f1dab376a01d40f423f0aab37f6f8c94a
montefiore_pdfua_unified_v5_02_scripts_2026-05-19,montefiore_pdfua_unified_v5_02_scripts_2026-05-19/scripts/validation_profiles/veraPDF-validation-profiles-integration/PDF_A/1a/6.8 Logical Structure/6.8.2 Tagged PDF/6.8.2.2 Mark information dictionary/verapdf-profile-6-8-2-2-t01.xml,1445,f6bd840706a1b0b7e2c07308002d16d704a85f702d598229b181a5cd22d0030b
montefiore_pdfua_unified_v5_02_scripts_2026-05-19,montefiore_pdfua_unified_v5_02_scripts_2026-05-19/scripts/validation_profiles/veraPDF-validation-profiles-integration/PDF_A/1a/6.8 Logical Structure/6.8.3 Artifacts/6.8.3.3 Structure hierarchy/verapdf-profile-6-8-3-3-t01.xml,1349,2f77a7553bd22a503c334d9dadd585fe50fbe33cc277894504e0f7dbd047163c
montefiore_pdfua_unified_v5_02_scripts_2026-05-19,montefiore_pdfua_unified_v5_02_scripts_2026-05-19/scripts/validation_profiles/veraPDF-validation-profiles-integration/PDF_A/1a/6.8 Logical Structure/6.8.3 Artifacts/6.8.3.4 Structure types/verapdf-profile-6-8-3-4-t01.xml,1431,7c965ba2afbe588225fd092882ae0b70dec82ee25b2b7b50a18a44af8bc3e5d2
montefiore_pdfua_unified_v5_02_scripts_2026-05-19,montefiore_pdfua_unified_v5_02_scripts_2026-05-19/scripts/validation_profiles/veraPDF-validation-profiles-integration/PDF_A/1a/6.8 Logical Structure/6.8.3 Artifacts/6.8.3.4 Structure types/verapdf-profile-6-8-3-4-t02.xml,1092,256f2ea7cf3ae60a93a0cb5a63d1bccff5d70619dc048bbf52f75e55334d7917
montefiore_pdfua_unified_v5_02_scripts_2026-05-19,montefiore_pdfua_unified_v5_02_scripts_2026-05-19/scripts/validation_profiles/veraPDF-validation-profiles-integration/PDF_A/1a/6.8 Logical Structure/6.8.4 Natural language specification/verapdf-profile-6-8-4-t01.xml,1689,08ffab773818e4d2c8b5e9bd8b94cb8e63f2cbdb55434c40847425a902c6aa01
montefiore_pdfua_unified_v5_02_scripts_2026-05-19,montefiore_pdfua_unified_v5_02_scripts_2026-05-19/scripts/validation_profiles/veraPDF-validation-profiles-integration/PDF_A/1b/6.1 File structure/6.1.10 Filters/verapdf-profile-6-1-10-t01.xml,999,797eabbb674253e6e4ec80b8014ab41dcf913351e8d8fcdc206a244fe163a7e4
montefiore_pdfua_unified_v5_02_scripts_2026-05-19,montefiore_pdfua_unified_v5_02_scripts_2026-05-19/scripts/validation_profiles/veraPDF-validation-profiles-integration/PDF_A/1b/6.1 File structure/6.1.10 Filters/verapdf-profile-6-1-10-t02.xml,956,678f3ab226b244de56e3cfd8ca2e83d8c35365beaf9f1a47910ef6f81c9d1789
montefiore_pdfua_unified_v5_02_scripts_2026-05-19,montefiore_pdfua_unified_v5_02_scripts_2026-05-19/scripts/validation_profiles/veraPDF-validation-profiles-integration/PDF_A/1b/6.1 File structure/6.1.11 Embedded files/verapdf-profile-6-1-11-t01.xml,1117,bca797143755f90bd8eb0f0803f634537c0b785acd0e1acec03fc679d0bf7dfc
montefiore_pdfua_unified_v5_02_scripts_2026-05-19,montefiore_pdfua_unified_v5_02_scripts_2026-05-19/scripts/validation_profiles/veraPDF-validation-profiles-integration/PDF_A/1b/6.1 File structure/6.1.11 Embedded files/verapdf-profile-6-1-11-t02.xml,1179,562a6210f942fd14c0395182b06b6097bc4d44e81576e8792108f2e8e86cdde8
montefiore_pdfua_unified_v5_02_scripts_2026-05-19,montefiore_pdfua_unified_v5_02_scripts_2026-05-19/scripts/validation_profiles/veraPDF-validation-profiles-integration/PDF_A/1b/6.1 File structure/6.1.12 Implementation limits/verapdf-profile-6-1-12-t01.xml,1185,0e9bd6c72649af86c0c35aa40b93fd7e4c29a78bca66f54f8d24afe4ef6de273
montefiore_pdfua_unified_v5_02_scripts_2026-05-19,montefiore_pdfua_unified_v5_02_scripts_2026-05-19/scripts/validation_profiles/veraPDF-validation-profiles-integration/PDF_A/1b/6.1 File structure/6.1.12 Implementation limits/verapdf-profile-6-1-12-t02.xml,1117,278c35830c758968b5241744474b157e43bbbccb4d5a3bf1808b753ccb6848ba
montefiore_pdfua_unified_v5_02_scripts_2026-05-19,montefiore_pdfua_unified_v5_02_scripts_2026-05-19/scripts/validation_profiles/veraPDF-validation-profiles-integration/PDF_A/1b/6.1 File structure/6.1.12 Implementation limits/verapdf-profile-6-1-12-t03.xml,1083,5af6160492f8615bdfec2b9e086aba02ff2339694685874bec211b27355f0a8b
montefiore_pdfua_unified_v5_02_scripts_2026-05-19,montefiore_pdfua_unified_v5_02_scripts_2026-05-19/scripts/validation_profiles/veraPDF-validation-profiles-integration/PDF_A/1b/6.1 File structure/6.1.12 Implementation limits/verapdf-profile-6-1-12-t04.xml,1100,def6f2399edcedaf620719b2884c7f0ab6145d8f8769103fa7100b4116e25ce1
montefiore_pdfua_unified_v5_02_scripts_2026-05-19,montefiore_pdfua_unified_v5_02_scripts_2026-05-19/scripts/validation_profiles/veraPDF-validation-profiles-integration/PDF_A/1b/6.1 File structure/6.1.12 Implementation limits/verapdf-profile-6-1-12-t05.xml,1069,ecaf6627893337869fc5ad38657d5ab668ab986589cdf072ebfa999be040ca1f
montefiore_pdfua_unified_v5_02_scripts_2026-05-19,montefiore_pdfua_unified_v5_02_scripts_2026-05-19/scripts/validation_profiles/veraPDF-validation-profiles-integration/PDF_A/1b/6.1 File structure/6.1.12 Implementation limits/verapdf-profile-6-1-12-t06.xml,1084,a2c7705b6cde27335b06fc7c2c2b1d08c16482636c4230afb490eb97e185b441
montefiore_pdfua_unified_v5_02_scripts_2026-05-19,montefiore_pdfua_unified_v5_02_scripts_2026-05-19/scripts/validation_profiles/veraPDF-validation-profiles-integration/PDF_A/1b/6.1 File structure/6.1.12 Implementation limits/verapdf-profile-6-1-12-t07.xml,1153,938f613b98568c4c67a63d83c1c6bb0a569b3d695ada2fb2757acc7bacbb8206
montefiore_pdfua_unified_v5_02_scripts_2026-05-19,montefiore_pdfua_unified_v5_02_scripts_2026-05-19/scripts/validation_profiles/veraPDF-validation-profiles-integration/PDF_A/1b/6.1 File structure/6.1.12 Implementation limits/verapdf-profile-6-1-12-t08.xml,1166,814c4b6b937f0bfd34168479ec2fce6cf1f01218e9c19b4a950cb140c06c0166
montefiore_pdfua_unified_v5_02_scripts_2026-05-19,montefiore_pdfua_unified_v5_02_scripts_2026-05-19/scripts/validation_profiles/veraPDF-validation-profiles-integration/PDF_A/1b/6.1 File structure/6.1.12 Implementation limits/verapdf-profile-6-1-12-t09.xml,1089,76c42794e33327f703739e3e7ae09cd62ba1372390b967a7a0831b9805d3e930
montefiore_pdfua_unified_v5_02_scripts_2026-05-19,montefiore_pdfua_unified_v5_02_scripts_2026-05-19/scripts/validation_profiles/veraPDF-validation-profiles-integration/PDF_A/1b/6.1 File structure/6.1.12 Implementation limits/verapdf-profile-6-1-12-t10.xml,1094,2eb9d1c9134781a3acc9a4169cda12ca54a69cd39f32357f05cf0f3506c1562d
montefiore_pdfua_unified_v5_02_scripts_2026-05-19,montefiore_pdfua_unified_v5_02_scripts_2026-05-19/scripts/validation_profiles/veraPDF-validation-profiles-integration/PDF_A/1b/6.1 File structure/6.1.13 Optional content/verapdf-profile-6-1-13-t01.xml,990,769ba9d967c12b787208f5a7e245d9c2000d35b101736bbf5407b401550d6b75
montefiore_pdfua_unified_v5_02_scripts_2026-05-19,montefiore_pdfua_unified_v5_02_scripts_2026-05-19/scripts/validation_profiles/veraPDF-validation-profiles-integration/PDF_A/1b/6.1 File structure/6.1.2 File header/verapdf-profile-6-1-2-t01.xml,1509,890ed5044d40e34c81c1fc5dae76d7989a31ad9e58b15b96c2cc9123e123438c
montefiore_pdfua_unified_v5_02_scripts_2026-05-19,montefiore_pdfua_unified_v5_02_scripts_2026-05-19/scripts/validation_profiles/veraPDF-validation-profiles-integration/PDF_A/1b/6.1 File structure/6.1.2 File header/verapdf-profile-6-1-2-t02.xml,1676,358dbacacbcd69c5ea7bddc406e8f3e1c065b4f24938acddb120e5e98d29c1a1
montefiore_pdfua_unified_v5_02_scripts_2026-05-19,montefiore_pdfua_unified_v5_02_scripts_2026-05-19/scripts/validation_profiles/veraPDF-validation-profiles-integration/PDF_A/1b/6.1 File structure/6.1.3 File trailer/verapdf-profile-6-1-3-t01.xml,1167,ec9a1bc23ff953e7674850faddc78afd7ab0652a63d0aaa86848fa1ddede911e
montefiore_pdfua_unified_v5_02_scripts_2026-05-19,montefiore_pdfua_unified_v5_02_scripts_2026-05-19/scripts/validation_profiles/veraPDF-validation-profiles-integration/PDF_A/1b/6.1 File structure/6.1.3 File trailer/verapdf-profile-6-1-3-t02.xml,930,d8eaf51e9b1a2cbe8a23f2f91a416f491695e9c78c7eacc0337f6c13cbce2ae6
montefiore_pdfua_unified_v5_02_scripts_2026-05-19,montefiore_pdfua_unified_v5_02_scripts_2026-05-19/scripts/validation_profiles/veraPDF-validation-profiles-integration/PDF_A/1b/6.1 File structure/6.1.3 File trailer/verapdf-profile-6-1-3-t03.xml,1082,657a40dadb1f09f1239b3d273ff2cd98a903e9ed4a34e1b909bc9bd8f1c16458
montefiore_pdfua_unified_v5_02_scripts_2026-05-19,montefiore_pdfua_unified_v5_02_scripts_2026-05-19/scripts/validation_profiles/veraPDF-validation-profiles-integration/PDF_A/1b/6.1 File structure/6.1.3 File trailer/verapdf-profile-6-1-3-t04.xml,1548,fc305e2ea7a6e6b1762052547401c8eb456813ecb0f85415c597dc2093219b19
montefiore_pdfua_unified_v5_02_scripts_2026-05-19,montefiore_pdfua_unified_v5_02_scripts_2026-05-19/scripts/validation_profiles/veraPDF-validation-profiles-integration/PDF_A/1b/6.1 File structure/6.1.4 Cross reference table/verapdf-profile-6-1-4-t01.xml,1148,11894c01db3b07b2cc730ecef449b31538d08e034e5a83fb3138bc0796e89f5b
montefiore_pdfua_unified_v5_02_scripts_2026-05-19,montefiore_pdfua_unified_v5_02_scripts_2026-05-19/scripts/validation_profiles/veraPDF-validation-profiles-integration/PDF_A/1b/6.1 File structure/6.1.4 Cross reference table/verapdf-profile-6-1-4-t02.xml,1069,30e41105254fa2a66764c9f3458321ae2f99951d14037b20e4960e736e923368
montefiore_pdfua_unified_v5_02_scripts_2026-05-19,montefiore_pdfua_unified_v5_02_scripts_2026-05-19/scripts/validation_profiles/veraPDF-validation-profiles-integration/PDF_A/1b/6.1 File structure/6.1.4 Cross reference table/verapdf-profile-6-1-4-t03.xml,863,8912c7b4e183683168561f74f4e03207b9b449ef8f734e5b3f281e8d386b6731
montefiore_pdfua_unified_v5_02_scripts_2026-05-19,montefiore_pdfua_unified_v5_02_scripts_2026-05-19/scripts/validation_profiles/veraPDF-validation-profiles-integration/PDF_A/1b/6.1 File structure/6.1.6 String objects/verapdf-profile-6-1-6-t01.xml,1097,9d4e149c469351b63d9fc305201679bc429a2356b17b75f2bef79531594005ee
montefiore_pdfua_unified_v5_02_scripts_2026-05-19,montefiore_pdfua_unified_v5_02_scripts_2026-05-19/scripts/validation_profiles/veraPDF-validation-profiles-integration/PDF_A/1b/6.1 File structure/6.1.6 String objects/verapdf-profile-6-1-6-t02.xml,1082,8e0b104f47ee82be40e723faf56304396a6b15593e67247c9c3d982fc46e3afc
montefiore_pdfua_unified_v5_02_scripts_2026-05-19,montefiore_pdfua_unified_v5_02_scripts_2026-05-19/scripts/validation_profiles/veraPDF-validation-profiles-integration/PDF_A/1b/6.1 File structure/6.1.7 Stream objects/verapdf-profile-6-1-7-t01.xml,1460,f0de9180c4a966e035a002a0bf11d29150f7dd5c2104b2f649f376f0412174f4
montefiore_pdfua_unified_v5_02_scripts_2026-05-19,montefiore_pdfua_unified_v5_02_scripts_2026-05-19/scripts/validation_profiles/veraPDF-validation-profiles-integration/PDF_A/1b/6.1 File structure/6.1.7 Stream objects/verapdf-profile-6-1-7-t02.xml,1314,935aadb1993194b0775547bc02813d49b7819f4ddc7e0be60f359dc13e7e5006
montefiore_pdfua_unified_v5_02_scripts_2026-05-19,montefiore_pdfua_unified_v5_02_scripts_2026-05-19/scripts/validation_profiles/veraPDF-validation-profiles-integration/PDF_A/1b/6.1 File structure/6.1.7 Stream objects/verapdf-profile-6-1-7-t03.xml,1313,8ddb06e900afa22b97ec5ae0a7a2a4cbaac4b7a8c83025ffae80aff22695dc59
montefiore_pdfua_unified_v5_02_scripts_2026-05-19,montefiore_pdfua_unified_v5_02_scripts_2026-05-19/scripts/validation_profiles/veraPDF-validation-profiles-integration/PDF_A/1b/6.1 File structure/6.1.8 Indirect objects/verapdf-profile-6-1-8-t01.xml,1538,e945bcc4bb6ea0da1cb0e069264cbe770651667f49ee2f91f8dccdf3f21010b2
montefiore_pdfua_unified_v5_02_scripts_2026-05-19,montefiore_pdfua_unified_v5_02_scripts_2026-05-19/scripts/validation_profiles/veraPDF-validation-profiles-integration/PDF_A/1b/6.2 Graphics/6.2.10 Content streams/verapdf-profile-6-2-10-t01.xml,1182,7a73aadae716d9569b337fee071904fe2b80382c0f00bbb8c29a027170e0870a
montefiore_pdfua_unified_v5_02_scripts_2026-05-19,montefiore_pdfua_unified_v5_02_scripts_2026-05-19/scripts/validation_profiles/veraPDF-validation-profiles-integration/PDF_A/1b/6.2 Graphics/6.2.2 Output intent/verapdf-profile-6-2-2-t01.xml,1683,b2a6800413817cee7d5ca3bda5eb350fc54dfcffc89004e06bd3f99d310b1ddd
montefiore_pdfua_unified_v5_02_scripts_2026-05-19,montefiore_pdfua_unified_v5_02_scripts_2026-05-19/scripts/validation_profiles/veraPDF-validation-profiles-integration/PDF_A/1b/6.2 Graphics/6.2.2 Output intent/verapdf-profile-6-2-2-t02.xml,1457,3fca1a4f8ec3eb2993d77f3da57ffe1c37002c0c7a4266c41763f821d1781283
montefiore_pdfua_unified_v5_02_scripts_2026-05-19,montefiore_pdfua_unified_v5_02_scripts_2026-05-19/scripts/validation_profiles/veraPDF-validation-profiles-integration/PDF_A/1b/6.2 Graphics/6.2.3 Colour spaces/6.2.3.2 ICCBased colour spaces/verapdf-profile-6-2-3-2-t01.xml,1725,01c8f88f3ec05b5886815ba47e84215c1140109aa90074f86c0bd1671447d02c
montefiore_pdfua_unified_v5_02_scripts_2026-05-19,montefiore_pdfua_unified_v5_02_scripts_2026-05-19/scripts/validation_profiles/veraPDF-validation-profiles-integration/PDF_A/1b/6.2 Graphics/6.2.3 Colour spaces/6.2.3.2 ICCBased colour spaces/verapdf-profile-6-2-3-2-t02.xml,1957,44f696cb10276049d6ff9e3756fe946ea0e1e0bb5d811df70aacbeecf600bb93
montefiore_pdfua_unified_v5_02_scripts_2026-05-19,montefiore_pdfua_unified_v5_02_scripts_2026-05-19/scripts/validation_profiles/veraPDF-validation-profiles-integration/PDF_A/1b/6.2 Graphics/6.2.3 Colour spaces/6.2.3.3 Uncalibrated colour spaces/verapdf-profile-6-2-3-3-t01.xml,1311,f2a4ae08a75b4d3decf6f593d81fe79fd66bb6fd3546f356e1c78e5d603a18fa
montefiore_pdfua_unified_v5_02_scripts_2026-05-19,montefiore_pdfua_unified_v5_02_scripts_2026-05-19/scripts/validation_profiles/veraPDF-validation-profiles-integration/PDF_A/1b/6.2 Graphics/6.2.3 Colour spaces/6.2.3.3 Uncalibrated colour spaces/verapdf-profile-6-2-3-3-t02.xml,1317,0e35bf7518954118bdb057d79884d3e6565fe922c3944d6e0051f6ae7e81cb6d
montefiore_pdfua_unified_v5_02_scripts_2026-05-19,montefiore_pdfua_unified_v5_02_scripts_2026-05-19/scripts/validation_profiles/veraPDF-validation-profiles-integration/PDF_A/1b/6.2 Graphics/6.2.3 Colour spaces/6.2.3.3 Uncalibrated colour spaces/verapdf-profile-6-2-3-3-t03.xml,1323,125426455d4c6e626db2ef00c3e735d698ac7f01a538a93c768cc3d9f43345b8
montefiore_pdfua_unified_v5_02_scripts_2026-05-19,montefiore_pdfua_unified_v5_02_scripts_2026-05-19/scripts/validation_profiles/veraPDF-validation-profiles-integration/PDF_A/1b/6.2 Graphics/6.2.4 Images/verapdf-profile-6-2-4-t01.xml,916,37d5727da722d8776fb83d9ca8980d8ba2ba6f574161d6e25ffb4b1f4936ef20
montefiore_pdfua_unified_v5_02_scripts_2026-05-19,montefiore_pdfua_unified_v5_02_scripts_2026-05-19/scripts/validation_profiles/veraPDF-validation-profiles-integration/PDF_A/1b/6.2 Graphics/6.2.4 Images/verapdf-profile-6-2-4-t02.xml,920,b8073d2628341b8f677816cede127c78e9e4ac471537b43ec214ec584f10223b
montefiore_pdfua_unified_v5_02_scripts_2026-05-19,montefiore_pdfua_unified_v5_02_scripts_2026-05-19/scripts/validation_profiles/veraPDF-validation-profiles-integration/PDF_A/1b/6.2 Graphics/6.2.4 Images/verapdf-profile-6-2-4-t03.xml,967,cc696c16d1a66a146526bb75078e32417235496e743bd5246e9d4b4a0502a820
montefiore_pdfua_unified_v5_02_scripts_2026-05-19,montefiore_pdfua_unified_v5_02_scripts_2026-05-19/scripts/validation_profiles/veraPDF-validation-profiles-integration/PDF_A/1b/6.2 Graphics/6.2.4 Images/verapdf-profile-6-2-4-t04.xml,1338,3ac60d5a60e56f0ff66394de36ff3fa1f6b54da084ee8dae0610b21a790d6808
montefiore_pdfua_unified_v5_02_scripts_2026-05-19,montefiore_pdfua_unified_v5_02_scripts_2026-05-19/scripts/validation_profiles/veraPDF-validation-profiles-integration/PDF_A/1b/6.2 Graphics/6.2.4 Images/verapdf-profile-6-2-4-t05.xml,1239,8bc2fd64a751652a2494d22aa1a396cc74f52fc749a0ea0f9b9267b2f8c4be25
montefiore_pdfua_unified_v5_02_scripts_2026-05-19,montefiore_pdfua_unified_v5_02_scripts_2026-05-19/scripts/validation_profiles/veraPDF-validation-profiles-integration/PDF_A/1b/6.2 Graphics/6.2.5 Form XObjects/verapdf-profile-6-2-5-t01.xml,1066,e611c3abc91a0d49fe18aaa0e7fdc888fbedfd589ada2f63a17a54eaad74add8
montefiore_pdfua_unified_v5_02_scripts_2026-05-19,montefiore_pdfua_unified_v5_02_scripts_2026-05-19/scripts/validation_profiles/veraPDF-validation-profiles-integration/PDF_A/1b/6.2 Graphics/6.2.6 Reference XObjects/verapdf-profile-6-2-6-t01.xml,944,f7e8e3ed273d96f91595c94cb41bd18de422ae435571f112786a0c01b1b38a93
montefiore_pdfua_unified_v5_02_scripts_2026-05-19,montefiore_pdfua_unified_v5_02_scripts_2026-05-19/scripts/validation_profiles/veraPDF-validation-profiles-integration/PDF_A/1b/6.2 Graphics/6.2.7 PostScript XObjects/verapdf-profile-6-2-7-t01.xml,914,98a34df62adb6d43cb5235ebaab936e5f10a2eda1c1484cb639422675f304d80
montefiore_pdfua_unified_v5_02_scripts_2026-05-19,montefiore_pdfua_unified_v5_02_scripts_2026-05-19/scripts/validation_profiles/veraPDF-validation-profiles-integration/PDF_A/1b/6.2 Graphics/6.2.8 Extended graphics state/verapdf-profile-6-2-8-t01.xml,910,c558ada0e085d81574a228e0ef3f31177f4ee72349831a8ba0c818993ed202dd
montefiore_pdfua_unified_v5_02_scripts_2026-05-19,montefiore_pdfua_unified_v5_02_scripts_2026-05-19/scripts/validation_profiles/veraPDF-validation-profiles-integration/PDF_A/1b/6.2 Graphics/6.2.8 Extended graphics state/verapdf-profile-6-2-8-t02.xml,1050,d8f99992e413a9a037fb4564d79c30233a80c9811a7ed900cf77fe60c45ea15d
montefiore_pdfua_unified_v5_02_scripts_2026-05-19,montefiore_pdfua_unified_v5_02_scripts_2026-05-19/scripts/validation_profiles/veraPDF-validation-profiles-integration/PDF_A/1b/6.2 Graphics/6.2.9 Rendering intents/verapdf-profile-6-2-9-t01.xml,1458,d8a68169e79ccfff507f7785aa0f1c7e95b757ce0852e8467869e2bc98f34d3a
montefiore_pdfua_unified_v5_02_scripts_2026-05-19,montefiore_pdfua_unified_v5_02_scripts_2026-05-19/scripts/validation_profiles/veraPDF-validation-profiles-integration/PDF_A/1b/6.3 Fonts/6.3.2 Font types/verapdf-profile-6-3-2-t01.xml,1721,569a624175bd586f29986f4fa1ac4031c0492352379d5a25f0433034b524f21d
montefiore_pdfua_unified_v5_02_scripts_2026-05-19,montefiore_pdfua_unified_v5_02_scripts_2026-05-19/scripts/validation_profiles/veraPDF-validation-profiles-integration/PDF_A/1b/6.3 Fonts/6.3.2 Font types/verapdf-profile-6-3-2-t02.xml,2354,fc4d7185cc805848bcb0bf1d6b0a37fdbd9d2d5e22c0b9e154a498c25694acc1
montefiore_pdfua_unified_v5_02_scripts_2026-05-19,montefiore_pdfua_unified_v5_02_scripts_2026-05-19/scripts/validation_profiles/veraPDF-validation-profiles-integration/PDF_A/1b/6.3 Fonts/6.3.2 Font types/verapdf-profile-6-3-2-t03.xml,1556,b6cd0475ec8fb8d852c090c5311b5bc91164563707904d8f39cc599e3aae3713
montefiore_pdfua_unified_v5_02_scripts_2026-05-19,montefiore_pdfua_unified_v5_02_scripts_2026-05-19/scripts/validation_profiles/veraPDF-validation-profiles-integration/PDF_A/1b/6.3 Fonts/6.3.2 Font types/verapdf-profile-6-3-2-t04.xml,1531,86c4457e917808f4f6951590a82e294897c98051c69bdea438362824a6015036
montefiore_pdfua_unified_v5_02_scripts_2026-05-19,montefiore_pdfua_unified_v5_02_scripts_2026-05-19/scripts/validation_profiles/veraPDF-validation-profiles-integration/PDF_A/1b/6.3 Fonts/6.3.2 Font types/verapdf-profile-6-3-2-t05.xml,1524,637125651c20b9c99aea1ed7d0661421e87570e1ba37d5661cf693dd75148ba9
montefiore_pdfua_unified_v5_02_scripts_2026-05-19,montefiore_pdfua_unified_v5_02_scripts_2026-05-19/scripts/validation_profiles/veraPDF-validation-profiles-integration/PDF_A/1b/6.3 Fonts/6.3.2 Font types/verapdf-profile-6-3-2-t06.xml,1740,5237c5e93addd9b5580cc9bf981703576233451e87871aa6b46dfd6f027ed0ec
montefiore_pdfua_unified_v5_02_scripts_2026-05-19,montefiore_pdfua_unified_v5_02_scripts_2026-05-19/scripts/validation_profiles/veraPDF-validation-profiles-integration/PDF_A/1b/6.3 Fonts/6.3.2 Font types/verapdf-profile-6-3-2-t07.xml,2073,2b0ae1ca547291cdba6d10c635989d4fd7c17569aae5d8ba50a92be11283afab
montefiore_pdfua_unified_v5_02_scripts_2026-05-19,montefiore_pdfua_unified_v5_02_scripts_2026-05-19/scripts/validation_profiles/veraPDF-validation-profiles-integration/PDF_A/1b/6.3 Fonts/6.3.3 Composite fonts/6.3.3.1 General/verapdf-profile-6-3-3-1-t01.xml,2171,d4923cb4c84ac0ab200b5b1536222df80ec2e5eb7925179b2edc4e324b77a808
montefiore_pdfua_unified_v5_02_scripts_2026-05-19,montefiore_pdfua_unified_v5_02_scripts_2026-05-19/scripts/validation_profiles/veraPDF-validation-profiles-integration/PDF_A/1b/6.3 Fonts/6.3.3 Composite fonts/6.3.3.2 CIDFonts/verapdf-profile-6-3-3-2-t01.xml,1547,bd9d3624b2ec871cea2482e83f07475260a866b4bc8fa17fba58dc062ff05d94
montefiore_pdfua_unified_v5_02_scripts_2026-05-19,montefiore_pdfua_unified_v5_02_scripts_2026-05-19/scripts/validation_profiles/veraPDF-validation-profiles-integration/PDF_A/1b/6.3 Fonts/6.3.3 Composite fonts/6.3.3.3 CMaps/verapdf-profile-6-3-3-3-t01.xml,1314,57423c0de199afc5bd048ca403492a8bc9ea2cb1ce9a1213e1395786c4f74547
montefiore_pdfua_unified_v5_02_scripts_2026-05-19,montefiore_pdfua_unified_v5_02_scripts_2026-05-19/scripts/validation_profiles/veraPDF-validation-profiles-integration/PDF_A/1b/6.3 Fonts/6.3.3 Composite fonts/6.3.3.3 CMaps/verapdf-profile-6-3-3-3-t02.xml,1297,8782f572a860aa65b9287d8a97dc976ab4c6718717fd48adff8da739b71f5bc4
montefiore_pdfua_unified_v5_02_scripts_2026-05-19,montefiore_pdfua_unified_v5_02_scripts_2026-05-19/scripts/validation_profiles/veraPDF-validation-profiles-integration/PDF_A/1b/6.3 Fonts/6.3.4 Embedded font programs/verapdf-profile-6-3-4-t01.xml,1378,30774864345409d8b788c61ad9c4fa183f906157d58b263b5ba0798f0ccb7b8f
montefiore_pdfua_unified_v5_02_scripts_2026-05-19,montefiore_pdfua_unified_v5_02_scripts_2026-05-19/scripts/validation_profiles/veraPDF-validation-profiles-integration/PDF_A/1b/6.3 Fonts/6.3.5 Font subsets/verapdf-profile-6-3-5-t01.xml,1062,4a888c3f3a94fb96a85709daae7347b0a0155cb1d2a57ef7663ecd6c84acd3b0
montefiore_pdfua_unified_v5_02_scripts_2026-05-19,montefiore_pdfua_unified_v5_02_scripts_2026-05-19/scripts/validation_profiles/veraPDF-validation-profiles-integration/PDF_A/1b/6.3 Fonts/6.3.5 Font subsets/verapdf-profile-6-3-5-t02.xml,1500,5d5043f301bead411d7cf461d161a98b72d647091c279aba38374f20b04daf1f
montefiore_pdfua_unified_v5_02_scripts_2026-05-19,montefiore_pdfua_unified_v5_02_scripts_2026-05-19/scripts/validation_profiles/veraPDF-validation-profiles-integration/PDF_A/1b/6.3 Fonts/6.3.5 Font subsets/verapdf-profile-6-3-5-t03.xml,1605,073ba34ebb34932f17ad05ea72f2add1ecf7df629027072bb1440dde2cc4b49a
montefiore_pdfua_unified_v5_02_scripts_2026-05-19,montefiore_pdfua_unified_v5_02_scripts_2026-05-19/scripts/validation_profiles/veraPDF-validation-profiles-integration/PDF_A/1b/6.3 Fonts/6.3.6 Font metrics/verapdf-profile-6-3-6-t01.xml,1590,0ffeb3603d7ec790bfd422b9a38aa05499f3a70cf66cf1d09a2211705d56e5dd
montefiore_pdfua_unified_v5_02_scripts_2026-05-19,montefiore_pdfua_unified_v5_02_scripts_2026-05-19/scripts/validation_profiles/veraPDF-validation-profiles-integration/PDF_A/1b/6.3 Fonts/6.3.7 Character encodings/verapdf-profile-6-3-7-t01.xml,2156,9795a93a2fb8f137dd2dad2e18b702de4b70bce902472d335e7f92684f7d43fb
montefiore_pdfua_unified_v5_02_scripts_2026-05-19,montefiore_pdfua_unified_v5_02_scripts_2026-05-19/scripts/validation_profiles/veraPDF-validation-profiles-integration/PDF_A/1b/6.3 Fonts/6.3.7 Character encodings/verapdf-profile-6-3-7-t02.xml,1154,3caa98c9f862bef117cb26dcdafb205a3e8dbaabc7b0d1316f8a7e9f0cfebd87
montefiore_pdfua_unified_v5_02_scripts_2026-05-19,montefiore_pdfua_unified_v5_02_scripts_2026-05-19/scripts/validation_profiles/veraPDF-validation-profiles-integration/PDF_A/1b/6.3 Fonts/6.3.7 Character encodings/verapdf-profile-6-3-7-t03.xml,1311,533dc48704224a8986c5df7789ff4f9d9db2d6ff698c1efd2f8cc26259c61bfb
montefiore_pdfua_unified_v5_02_scripts_2026-05-19,montefiore_pdfua_unified_v5_02_scripts_2026-05-19/scripts/validation_profiles/veraPDF-validation-profiles-integration/PDF_A/1b/6.4 Transparency/verapdf-profile-6-4-t01.xml,998,ecc941f3e669dc1db42dc353c722777636b0f3c6b478011bbea4b5e24f1660ec
montefiore_pdfua_unified_v5_02_scripts_2026-05-19,montefiore_pdfua_unified_v5_02_scripts_2026-05-19/scripts/validation_profiles/veraPDF-validation-profiles-integration/PDF_A/1b/6.4 Transparency/verapdf-profile-6-4-t02.xml,997,3d0da3f460ebd3b72cb1d648b1ce38699ce6b9ce7647dbd1c3d38d726117916d
montefiore_pdfua_unified_v5_02_scripts_2026-05-19,montefiore_pdfua_unified_v5_02_scripts_2026-05-19/scripts/validation_profiles/veraPDF-validation-profiles-integration/PDF_A/1b/6.4 Transparency/verapdf-profile-6-4-t03.xml,1349,98c34bec864293c7025e5f8514d805e73baf9efb99333b256efe4e95abd8afeb
montefiore_pdfua_unified_v5_02_scripts_2026-05-19,montefiore_pdfua_unified_v5_02_scripts_2026-05-19/scripts/validation_profiles/veraPDF-validation-profiles-integration/PDF_A/1b/6.4 Transparency/verapdf-profile-6-4-t04.xml,1190,6c597cfbccef1cb3584d4d1d1f06a6daf41d359f762303fe862329e663089748
montefiore_pdfua_unified_v5_02_scripts_2026-05-19,montefiore_pdfua_unified_v5_02_scripts_2026-05-19/scripts/validation_profiles/veraPDF-validation-profiles-integration/PDF_A/1b/6.4 Transparency/verapdf-profile-6-4-t05.xml,1103,bb09ff7b6d19e1e80b77ad4d4460551c350f528d04cf386c9b3ecad7646a997f
montefiore_pdfua_unified_v5_02_scripts_2026-05-19,montefiore_pdfua_unified_v5_02_scripts_2026-05-19/scripts/validation_profiles/veraPDF-validation-profiles-integration/PDF_A/1b/6.4 Transparency/verapdf-profile-6-4-t06.xml,1099,d4e7d5f3f909b65596705c9338d558b183ccbe3c0b4f5f08070af6f18d0420f6
montefiore_pdfua_unified_v5_02_scripts_2026-05-19,montefiore_pdfua_unified_v5_02_scripts_2026-05-19/scripts/validation_profiles/veraPDF-validation-profiles-integration/PDF_A/1b/6.5 Annotations/6.5.2 Annotation types/verapdf-profile-6-5-2-t01.xml,1790,3d79ec328f18704c5c1269eda051de1825e7af3dac04b0f73d43b4a280f95ff9
montefiore_pdfua_unified_v5_02_scripts_2026-05-19,montefiore_pdfua_unified_v5_02_scripts_2026-05-19/scripts/validation_profiles/veraPDF-validation-profiles-integration/PDF_A/1b/6.5 Annotations/6.5.3 Annotation dictionaries/verapdf-profile-6-5-3-t01.xml,1076,eb4fc35b9a61764adf79dfc2aecfbd2be6fece056505c445107c5dd24819b5df
montefiore_pdfua_unified_v5_02_scripts_2026-05-19,montefiore_pdfua_unified_v5_02_scripts_2026-05-19/scripts/validation_profiles/veraPDF-validation-profiles-integration/PDF_A/1b/6.5 Annotations/6.5.3 Annotation dictionaries/verapdf-profile-6-5-3-t02.xml,1760,327f71facd680d9c11ec6f73a53d365dfb619e6b7e5dd4c62e66153e371a859e
montefiore_pdfua_unified_v5_02_scripts_2026-05-19,montefiore_pdfua_unified_v5_02_scripts_2026-05-19/scripts/validation_profiles/veraPDF-validation-profiles-integration/PDF_A/1b/6.5 Annotations/6.5.3 Annotation dictionaries/verapdf-profile-6-5-3-t03.xml,1688,a0d5ee36122150a7ba7ac80d7278fe9d13046ac9c2998525b77b48e1573b33bf
montefiore_pdfua_unified_v5_02_scripts_2026-05-19,montefiore_pdfua_unified_v5_02_scripts_2026-05-19/scripts/validation_profiles/veraPDF-validation-profiles-integration/PDF_A/1b/6.5 Annotations/6.5.3 Annotation dictionaries/verapdf-profile-6-5-3-t04.xml,1390,d7153b68fe5c3e363d90d1743e3633507c57b9af3b3a32498c741832db7038ae
montefiore_pdfua_unified_v5_02_scripts_2026-05-19,montefiore_pdfua_unified_v5_02_scripts_2026-05-19/scripts/validation_profiles/veraPDF-validation-profiles-integration/PDF_A/1b/6.5 Annotations/6.5.3 Annotation dictionaries/verapdf-profile-6-5-3-t05.xml,1611,5a4b2b6bb1836ac3c69a2d243010af2f7f00cf08f14745d7241c46a42fadf744
montefiore_pdfua_unified_v5_02_scripts_2026-05-19,montefiore_pdfua_unified_v5_02_scripts_2026-05-19/scripts/validation_profiles/veraPDF-validation-profiles-integration/PDF_A/1b/6.5 Annotations/6.5.3 Annotation dictionaries/verapdf-profile-6-5-3-t06.xml,1678,b1ca59497d1f7f0d766efda642123dd00ca0eed334512fd865678f1dedab8b40
montefiore_pdfua_unified_v5_02_scripts_2026-05-19,montefiore_pdfua_unified_v5_02_scripts_2026-05-19/scripts/validation_profiles/veraPDF-validation-profiles-integration/PDF_A/1b/6.6 Actions/6.6.1 General/verapdf-profile-6-6-1-t01.xml,1583,2ebe5f1310e99072ab3fef19005eced362b6b0b0c876412ee8c80daa1003421d
montefiore_pdfua_unified_v5_02_scripts_2026-05-19,montefiore_pdfua_unified_v5_02_scripts_2026-05-19/scripts/validation_profiles/veraPDF-validation-profiles-integration/PDF_A/1b/6.6 Actions/6.6.1 General/verapdf-profile-6-6-1-t02.xml,1283,44a892a0663db1f2313b998547dc69fa8a3296b57c16aca5a1e69aacde5da751
montefiore_pdfua_unified_v5_02_scripts_2026-05-19,montefiore_pdfua_unified_v5_02_scripts_2026-05-19/scripts/validation_profiles/veraPDF-validation-profiles-integration/PDF_A/1b/6.6 Actions/6.6.1 General/verapdf-profile-6-6-1-t03.xml,941,17571d8cd3b544839ac3bbb72cf09cd8420fa272215480d732e271c0c158843b
montefiore_pdfua_unified_v5_02_scripts_2026-05-19,montefiore_pdfua_unified_v5_02_scripts_2026-05-19/scripts/validation_profiles/veraPDF-validation-profiles-integration/PDF_A/1b/6.6 Actions/6.6.2 Trigger events/verapdf-profile-6-6-2-t01.xml,1023,402862df72f839af14ed0a478376d98097267f1f12a3d7f747417a53d24ce907
montefiore_pdfua_unified_v5_02_scripts_2026-05-19,montefiore_pdfua_unified_v5_02_scripts_2026-05-19/scripts/validation_profiles/veraPDF-validation-profiles-integration/PDF_A/1b/6.6 Actions/6.6.2 Trigger events/verapdf-profile-6-6-2-t02.xml,1000,58b03f6a1da69af318740094156bfd40e703486f7596b4f2d2ee04b1924315c3
montefiore_pdfua_unified_v5_02_scripts_2026-05-19,montefiore_pdfua_unified_v5_02_scripts_2026-05-19/scripts/validation_profiles/veraPDF-validation-profiles-integration/PDF_A/1b/6.6 Actions/6.6.2 Trigger events/verapdf-profile-6-6-2-t03.xml,1035,04086ece176a8dfbf928c2784966864d3c29691d19187678cd055b49692a0760
montefiore_pdfua_unified_v5_02_scripts_2026-05-19,montefiore_pdfua_unified_v5_02_scripts_2026-05-19/scripts/validation_profiles/veraPDF-validation-profiles-integration/PDF_A/1b/6.7 Metadata/6.7.11 Version and conformance level identification/verapdf-profile-6-7-11-t01.xml,1130,70922bd90c08d22df40d39b948ee7b1783bf3904703359772383d45e80542f80
montefiore_pdfua_unified_v5_02_scripts_2026-05-19,montefiore_pdfua_unified_v5_02_scripts_2026-05-19/scripts/validation_profiles/veraPDF-validation-profiles-integration/PDF_A/1b/6.7 Metadata/6.7.11 Version and conformance level identification/verapdf-profile-6-7-11-t02.xml,1176,7b1889a6067fc8f75e86a2f0e445862bab641df4d96ffa422509e53bf2444d68
montefiore_pdfua_unified_v5_02_scripts_2026-05-19,montefiore_pdfua_unified_v5_02_scripts_2026-05-19/scripts/validation_profiles/veraPDF-validation-profiles-integration/PDF_A/1b/6.7 Metadata/6.7.11 Version and conformance level identification/verapdf-profile-6-7-11-t03.xml,1414,b896db98deebed9f88bcaa9478a3170dd7dbb36917463bf7586c4bc951408019
montefiore_pdfua_unified_v5_02_scripts_2026-05-19,montefiore_pdfua_unified_v5_02_scripts_2026-05-19/scripts/validation_profiles/veraPDF-validation-profiles-integration/PDF_A/1b/6.7 Metadata/6.7.11 Version and conformance level identification/verapdf-profile-6-7-11-t04.xml,1250,5f2968aa81d5f488919862e3088f8c7cf1ee93233adeaedaa4a8cfabddb0d4f4
montefiore_pdfua_unified_v5_02_scripts_2026-05-19,montefiore_pdfua_unified_v5_02_scripts_2026-05-19/scripts/validation_profiles/veraPDF-validation-profiles-integration/PDF_A/1b/6.7 Metadata/6.7.11 Version and conformance level identification/verapdf-profile-6-7-11-t05.xml,1299,2e834a0d33ac33f09189b2c73a1537fddda063d77ef98abdb953bfc9f60ac813
montefiore_pdfua_unified_v5_02_scripts_2026-05-19,montefiore_pdfua_unified_v5_02_scripts_2026-05-19/scripts/validation_profiles/veraPDF-validation-profiles-integration/PDF_A/1b/6.7 Metadata/6.7.11 Version and conformance level identification/verapdf-profile-6-7-11-t06.xml,1243,c275360b1f9e6c5ff87287a0c1bd8e6269e41f09a2b8d2ea4391579cdf18433d
montefiore_pdfua_unified_v5_02_scripts_2026-05-19,montefiore_pdfua_unified_v5_02_scripts_2026-05-19/scripts/validation_profiles/veraPDF-validation-profiles-integration/PDF_A/1b/6.7 Metadata/6.7.2 Properties/verapdf-profile-6-7-2-t01.xml,1388,13c9e227bb428d3b1cc01a4ac28ba7aabf639b49203614d5dac007960a10aa5e
montefiore_pdfua_unified_v5_02_scripts_2026-05-19,montefiore_pdfua_unified_v5_02_scripts_2026-05-19/scripts/validation_profiles/veraPDF-validation-profiles-integration/PDF_A/1b/6.7 Metadata/6.7.2 Properties/verapdf-profile-6-7-2-t02.xml,1054,316dc70b35c6c9ab432976ad5ad24790f0df4e0b0d091930086478fdaa7cf97a
montefiore_pdfua_unified_v5_02_scripts_2026-05-19,montefiore_pdfua_unified_v5_02_scripts_2026-05-19/scripts/validation_profiles/veraPDF-validation-profiles-integration/PDF_A/1b/6.7 Metadata/6.7.3 Document information dictionary/verapdf-profile-6-7-3-t01.xml,1629,7663ba8238c6b3e508b668ae73d7c1f4084764bb80d3481d622c6c76bdc39138
montefiore_pdfua_unified_v5_02_scripts_2026-05-19,montefiore_pdfua_unified_v5_02_scripts_2026-05-19/scripts/validation_profiles/veraPDF-validation-profiles-integration/PDF_A/1b/6.7 Metadata/6.7.3 Document information dictionary/verapdf-profile-6-7-3-t02.xml,1609,1c03344aa2105aa0c53342d90c95925ea7de79952eb0cdef7c3b1cbd9083318a
montefiore_pdfua_unified_v5_02_scripts_2026-05-19,montefiore_pdfua_unified_v5_02_scripts_2026-05-19/scripts/validation_profiles/veraPDF-validation-profiles-integration/PDF_A/1b/6.7 Metadata/6.7.3 Document information dictionary/verapdf-profile-6-7-3-t03.xml,1700,15f33ef225e65021723bc25f5ede98c826f402fec1e9129dd341321a732cef2d
montefiore_pdfua_unified_v5_02_scripts_2026-05-19,montefiore_pdfua_unified_v5_02_scripts_2026-05-19/scripts/validation_profiles/veraPDF-validation-profiles-integration/PDF_A/1b/6.7 Metadata/6.7.3 Document information dictionary/verapdf-profile-6-7-3-t04.xml,1667,01c1e0f05ad467380e104fa4f24137361a7fc373a8e724a036319f924bc84670
montefiore_pdfua_unified_v5_02_scripts_2026-05-19,montefiore_pdfua_unified_v5_02_scripts_2026-05-19/scripts/validation_profiles/veraPDF-validation-profiles-integration/PDF_A/1b/6.7 Metadata/6.7.3 Document information dictionary/verapdf-profile-6-7-3-t05.xml,1607,53ef18ae1c1dd12c5b0881434744b8e2f19b9d69c804801e57b1476873d1c2c1
montefiore_pdfua_unified_v5_02_scripts_2026-05-19,montefiore_pdfua_unified_v5_02_scripts_2026-05-19/scripts/validation_profiles/veraPDF-validation-profiles-integration/PDF_A/1b/6.7 Metadata/6.7.3 Document information dictionary/verapdf-profile-6-7-3-t06.xml,1620,174be016d554c5dc54896e14c9e8e220852bf9e0874c2d0671c6bf5992a5b313
montefiore_pdfua_unified_v5_02_scripts_2026-05-19,montefiore_pdfua_unified_v5_02_scripts_2026-05-19/scripts/validation_profiles/veraPDF-validation-profiles-integration/PDF_A/1b/6.7 Metadata/6.7.3 Document information dictionary/verapdf-profile-6-7-3-t07.xml,1607,d213e5c391d9393b6eb42653afea8f77381d7aa989e670e693eee71fdd17d1b6
montefiore_pdfua_unified_v5_02_scripts_2026-05-19,montefiore_pdfua_unified_v5_02_scripts_2026-05-19/scripts/validation_profiles/veraPDF-validation-profiles-integration/PDF_A/1b/6.7 Metadata/6.7.3 Document information dictionary/verapdf-profile-6-7-3-t08.xml,1594,590439324d6e4ddf40a30883713451162af946b872462a54372fe9c793bc0dce
montefiore_pdfua_unified_v5_02_scripts_2026-05-19,montefiore_pdfua_unified_v5_02_scripts_2026-05-19/scripts/validation_profiles/veraPDF-validation-profiles-integration/PDF_A/1b/6.7 Metadata/6.7.5 XMP Header/verapdf-profile-6-7-5-t01.xml,928,4c0a66e8ba4a33e3e8c6f0e396bf14a1a186233c9b123b288e3ae7184d42a327
montefiore_pdfua_unified_v5_02_scripts_2026-05-19,montefiore_pdfua_unified_v5_02_scripts_2026-05-19/scripts/validation_profiles/veraPDF-validation-profiles-integration/PDF_A/1b/6.7 Metadata/6.7.5 XMP Header/verapdf-profile-6-7-5-t02.xml,943,cca2d02d5f1a680f5409ad9117b94d73e4c9db116af527ad751ea14b4965cc1d
montefiore_pdfua_unified_v5_02_scripts_2026-05-19,montefiore_pdfua_unified_v5_02_scripts_2026-05-19/scripts/validation_profiles/veraPDF-validation-profiles-integration/PDF_A/1b/6.7 Metadata/6.7.8 Extension schemas/verapdf-profile-6-7-8-t01.xml,1321,1dc9b445e2d82425faa64f1c7d00bbb57d3725d6b9a0344dba375c441ab52d1a
montefiore_pdfua_unified_v5_02_scripts_2026-05-19,montefiore_pdfua_unified_v5_02_scripts_2026-05-19/scripts/validation_profiles/veraPDF-validation-profiles-integration/PDF_A/1b/6.7 Metadata/6.7.8 Extension schemas/verapdf-profile-6-7-8-t02.xml,1686,3d9509e6f067c2c6f54c28900768b434044a7b9da7cf982de15db37612a2ea8c
montefiore_pdfua_unified_v5_02_scripts_2026-05-19,montefiore_pdfua_unified_v5_02_scripts_2026-05-19/scripts/validation_profiles/veraPDF-validation-profiles-integration/PDF_A/1b/6.7 Metadata/6.7.8 Extension schemas/verapdf-profile-6-7-8-t03.xml,1636,2f9d33eefe8d9b4e420e4e111c91e695eef1096bdecb28d3bdf4019bb1c8c3c9
montefiore_pdfua_unified_v5_02_scripts_2026-05-19,montefiore_pdfua_unified_v5_02_scripts_2026-05-19/scripts/validation_profiles/veraPDF-validation-profiles-integration/PDF_A/1b/6.7 Metadata/6.7.8 Extension schemas/verapdf-profile-6-7-8-t04.xml,1690,805b3b4cdd68536f4bf7c70ce51d98059197b9b41d5cb897b6005b7986c5dce6
montefiore_pdfua_unified_v5_02_scripts_2026-05-19,montefiore_pdfua_unified_v5_02_scripts_2026-05-19/scripts/validation_profiles/veraPDF-validation-profiles-integration/PDF_A/1b/6.7 Metadata/6.7.8 Extension schemas/verapdf-profile-6-7-8-t05.xml,1636,2e7312f19ee14cdf6dbec35c9846f2e7a69432de039bbc39250351fa8ffe0b51
montefiore_pdfua_unified_v5_02_scripts_2026-05-19,montefiore_pdfua_unified_v5_02_scripts_2026-05-19/scripts/validation_profiles/veraPDF-validation-profiles-integration/PDF_A/1b/6.7 Metadata/6.7.8 Extension schemas/verapdf-profile-6-7-8-t06.xml,1644,b938e0ce024c7602c313797d6fc30370110804a315db78b896efd949019c98b1
montefiore_pdfua_unified_v5_02_scripts_2026-05-19,montefiore_pdfua_unified_v5_02_scripts_2026-05-19/scripts/validation_profiles/veraPDF-validation-profiles-integration/PDF_A/1b/6.7 Metadata/6.7.8 Extension schemas/verapdf-profile-6-7-8-t07.xml,1658,ce79d0f26f9027be0d7a319d513ee079c78cd8ffd8572163413bb0a467f875a3
montefiore_pdfua_unified_v5_02_scripts_2026-05-19,montefiore_pdfua_unified_v5_02_scripts_2026-05-19/scripts/validation_profiles/veraPDF-validation-profiles-integration/PDF_A/1b/6.7 Metadata/6.7.8 Extension schemas/verapdf-profile-6-7-8-t08.xml,1513,e43de0b1333fa4dd397cd49aaaef678ddc77708e1e92f8a63a1ec19c95d934c2
montefiore_pdfua_unified_v5_02_scripts_2026-05-19,montefiore_pdfua_unified_v5_02_scripts_2026-05-19/scripts/validation_profiles/veraPDF-validation-profiles-integration/PDF_A/1b/6.7 Metadata/6.7.8 Extension schemas/verapdf-profile-6-7-8-t09.xml,1865,f19c4b879b439e1e8887f4f7de4f25ac7f6d434c659347537e4666308395f858
montefiore_pdfua_unified_v5_02_scripts_2026-05-19,montefiore_pdfua_unified_v5_02_scripts_2026-05-19/scripts/validation_profiles/veraPDF-validation-profiles-integration/PDF_A/1b/6.7 Metadata/6.7.8 Extension schemas/verapdf-profile-6-7-8-t10.xml,1849,d43ac5235228ad6ba640df90d471be92d9e441fb850ba2e20e75ab77ffc65092
montefiore_pdfua_unified_v5_02_scripts_2026-05-19,montefiore_pdfua_unified_v5_02_scripts_2026-05-19/scripts/validation_profiles/veraPDF-validation-profiles-integration/PDF_A/1b/6.7 Metadata/6.7.8 Extension schemas/verapdf-profile-6-7-8-t11.xml,1584,6080f08d18b61651c82a36204594e8fd8c570546b39b88ba3886593017de867f
montefiore_pdfua_unified_v5_02_scripts_2026-05-19,montefiore_pdfua_unified_v5_02_scripts_2026-05-19/scripts/validation_profiles/veraPDF-validation-profiles-integration/PDF_A/1b/6.7 Metadata/6.7.8 Extension schemas/verapdf-profile-6-7-8-t12.xml,1508,51c9552bbd7a342a37c997e189490d138561469365d4b72ae905fa8fb6f9cf0c
montefiore_pdfua_unified_v5_02_scripts_2026-05-19,montefiore_pdfua_unified_v5_02_scripts_2026-05-19/scripts/validation_profiles/veraPDF-validation-profiles-integration/PDF_A/1b/6.7 Metadata/6.7.8 Extension schemas/verapdf-profile-6-7-8-t13.xml,1582,ee6cd0184714ddbed83d113330db0100bafb6123b949ed2ccf8e8041854aacf8
montefiore_pdfua_unified_v5_02_scripts_2026-05-19,montefiore_pdfua_unified_v5_02_scripts_2026-05-19/scripts/validation_profiles/veraPDF-validation-profiles-integration/PDF_A/1b/6.7 Metadata/6.7.8 Extension schemas/verapdf-profile-6-7-8-t14.xml,1528,6d56f43bc22c418b4bd2cc43d6a87a54ab78f4f9e497030fdf2fbbedda11cd89
montefiore_pdfua_unified_v5_02_scripts_2026-05-19,montefiore_pdfua_unified_v5_02_scripts_2026-05-19/scripts/validation_profiles/veraPDF-validation-profiles-integration/PDF_A/1b/6.7 Metadata/6.7.8 Extension schemas/verapdf-profile-6-7-8-t15.xml,1578,3f2752f1616fe71c314f8c57c199ffe76b55dc606d0fd34cc6dfe0b0cc67c905
montefiore_pdfua_unified_v5_02_scripts_2026-05-19,montefiore_pdfua_unified_v5_02_scripts_2026-05-19/scripts/validation_profiles/veraPDF-validation-profiles-integration/PDF_A/1b/6.7 Metadata/6.7.8 Extension schemas/verapdf-profile-6-7-8-t16.xml,1494,b5f272831171e88cf7469273077c70825418387b6e61040f9f0c3124e8993a37
montefiore_pdfua_unified_v5_02_scripts_2026-05-19,montefiore_pdfua_unified_v5_02_scripts_2026-05-19/scripts/validation_profiles/veraPDF-validation-profiles-integration/PDF_A/1b/6.7 Metadata/6.7.8 Extension schemas/verapdf-profile-6-7-8-t17.xml,1450,9bfdbe3b528c1877d90bcca01333a0655e02bed79a6b5955db8f26f8cc58f008
montefiore_pdfua_unified_v5_02_scripts_2026-05-19,montefiore_pdfua_unified_v5_02_scripts_2026-05-19/scripts/validation_profiles/veraPDF-validation-profiles-integration/PDF_A/1b/6.7 Metadata/6.7.8 Extension schemas/verapdf-profile-6-7-8-t18.xml,1774,737c35898f8354c27ec517849c4ee850e876538ab2d8509d6fab314a7211ad03
montefiore_pdfua_unified_v5_02_scripts_2026-05-19,montefiore_pdfua_unified_v5_02_scripts_2026-05-19/scripts/validation_profiles/veraPDF-validation-profiles-integration/PDF_A/1b/6.7 Metadata/6.7.8 Extension schemas/verapdf-profile-6-7-8-t19.xml,1520,6bbd0ff25ec933268f701f9c28e3300ae80aea1e0dc5e6b81c09cadff1b13e96
montefiore_pdfua_unified_v5_02_scripts_2026-05-19,montefiore_pdfua_unified_v5_02_scripts_2026-05-19/scripts/validation_profiles/veraPDF-validation-profiles-integration/PDF_A/1b/6.7 Metadata/6.7.9 Validation/verapdf-profile-6-7-9-t01.xml,1183,4010d68577c0956b0ad29017bec3a8e56ddb1aa38949c2a94833e74ee4c36b87
montefiore_pdfua_unified_v5_02_scripts_2026-05-19,montefiore_pdfua_unified_v5_02_scripts_2026-05-19/scripts/validation_profiles/veraPDF-validation-profiles-integration/PDF_A/1b/6.7 Metadata/6.7.9 Validation/verapdf-profile-6-7-9-t02.xml,1243,9d09d6a7819393eaaad8b1234d88175633a40cd8c01ff6489efffc839e0918c4
montefiore_pdfua_unified_v5_02_scripts_2026-05-19,montefiore_pdfua_unified_v5_02_scripts_2026-05-19/scripts/validation_profiles/veraPDF-validation-profiles-integration/PDF_A/1b/6.7 Metadata/6.7.9 Validation/verapdf-profile-6-7-9-t03.xml,1215,9f736bf902137000d0c6743eb9e22ed78a27008023d88c75736c0d014f5d7e3e
montefiore_pdfua_unified_v5_02_scripts_2026-05-19,montefiore_pdfua_unified_v5_02_scripts_2026-05-19/scripts/validation_profiles/veraPDF-validation-profiles-integration/PDF_A/1b/6.9 Interactive Forms/verapdf-profile-6-9-t01.xml,1085,1c5aedc87c45c45cf2ebd82b08a2c6d62a1eedca63974e2e1790f601638b62cd
montefiore_pdfua_unified_v5_02_scripts_2026-05-19,montefiore_pdfua_unified_v5_02_scripts_2026-05-19/scripts/validation_profiles/veraPDF-validation-profiles-integration/PDF_A/1b/6.9 Interactive Forms/verapdf-profile-6-9-t02.xml,1013,7b292a38a24a0797c2c51117fb3c215c59df125513d6d83b8c12843e93243df5
montefiore_pdfua_unified_v5_02_scripts_2026-05-19,montefiore_pdfua_unified_v5_02_scripts_2026-05-19/scripts/validation_profiles/veraPDF-validation-profiles-integration/PDF_A/2a/6.2 Graphics/6.2.11 Fonts/6.2.11.7 Unicode character maps/6.2.11.7.3 Level A conformance/verapdf-profile-6-2-11-7-3-t01.xml,1589,50af5357eb0ab5404b72a16204b7e7fd1bf54a3b79b73a70d029104b6e52c181
montefiore_pdfua_unified_v5_02_scripts_2026-05-19,montefiore_pdfua_unified_v5_02_scripts_2026-05-19/scripts/validation_profiles/veraPDF-validation-profiles-integration/PDF_A/2a/6.6 Metadata/6.6.4 Version and conformance level identification/verapdf-profile-6-6-4-t03.xml,1588,6a09496b992b1b1b085b9deeb63eae54a5bdf28e67a7cc202b568941290550ef
montefiore_pdfua_unified_v5_02_scripts_2026-05-19,montefiore_pdfua_unified_v5_02_scripts_2026-05-19/scripts/validation_profiles/veraPDF-validation-profiles-integration/PDF_A/2a/6.7 Logical Structure/6.7.2 Tagged PDF/6.7.2.2 Mark information dictionary/verapdf-profile-6-7-2-2-t01.xml,1434,50643ebb42ab959875a547fa47e6fbe097287866ef9728281c7fbb714df46c8a
montefiore_pdfua_unified_v5_02_scripts_2026-05-19,montefiore_pdfua_unified_v5_02_scripts_2026-05-19/scripts/validation_profiles/veraPDF-validation-profiles-integration/PDF_A/2a/6.7 Logical Structure/6.7.3 Artefacts/6.7.3.3 Structure hierarchy/verapdf-profile-6-7-3-3-t01.xml,1336,af48ea6393b5763eec204f7dbac45c9a04412369fcea5aa8bf20d77b33346529
montefiore_pdfua_unified_v5_02_scripts_2026-05-19,montefiore_pdfua_unified_v5_02_scripts_2026-05-19/scripts/validation_profiles/veraPDF-validation-profiles-integration/PDF_A/2a/6.7 Logical Structure/6.7.3 Artefacts/6.7.3.4 Structure types/verapdf-profile-6-7-3-4-t01.xml,1430,17e8fb2782e4d9c6ebccf60ce1c70ddee2e26e2686c512b67c07d2f1ccd3a26f
montefiore_pdfua_unified_v5_02_scripts_2026-05-19,montefiore_pdfua_unified_v5_02_scripts_2026-05-19/scripts/validation_profiles/veraPDF-validation-profiles-integration/PDF_A/2a/6.7 Logical Structure/6.7.3 Artefacts/6.7.3.4 Structure types/verapdf-profile-6-7-3-4-t02.xml,1066,31e07c070646242fab9906c84c75aad7566c7ec38567fb70cf1a1add1fa84d6e
montefiore_pdfua_unified_v5_02_scripts_2026-05-19,montefiore_pdfua_unified_v5_02_scripts_2026-05-19/scripts/validation_profiles/veraPDF-validation-profiles-integration/PDF_A/2a/6.7 Logical Structure/6.7.3 Artefacts/6.7.3.4 Structure types/verapdf-profile-6-7-3-4-t03.xml,1153,7de34cf261a3e9fc308b24bf93f7bbe0106b3048e018a34a6f0171ad7bc2f773
montefiore_pdfua_unified_v5_02_scripts_2026-05-19,montefiore_pdfua_unified_v5_02_scripts_2026-05-19/scripts/validation_profiles/veraPDF-validation-profiles-integration/PDF_A/2a/6.7 Logical Structure/6.7.4 Natural language specification/verapdf-profile-6-7-4-t01.xml,1913,c177b3976ffc17790436dfbf09bd6883de22214935cbc800b9c51d4759a43a4b
montefiore_pdfua_unified_v5_02_scripts_2026-05-19,montefiore_pdfua_unified_v5_02_scripts_2026-05-19/scripts/validation_profiles/veraPDF-validation-profiles-integration/PDF_A/2b/6.1 File structure/6.1.10 Inline image dictionaries/verapdf-profile-6-1-10-t01.xml,1932,6430355ad80f7a37498787afcf047ee2be44b801af25892da9dde6054aa6fe12
montefiore_pdfua_unified_v5_02_scripts_2026-05-19,montefiore_pdfua_unified_v5_02_scripts_2026-05-19/scripts/validation_profiles/veraPDF-validation-profiles-integration/PDF_A/2b/6.1 File structure/6.1.12 Permissions/verapdf-profile-6-1-12-t01.xml,1420,7b3c3c0502012860d9b657d8f18d9180eefbd385ff60941846779f27a3c1e0d7
montefiore_pdfua_unified_v5_02_scripts_2026-05-19,montefiore_pdfua_unified_v5_02_scripts_2026-05-19/scripts/validation_profiles/veraPDF-validation-profiles-integration/PDF_A/2b/6.1 File structure/6.1.12 Permissions/verapdf-profile-6-1-12-t02.xml,1691,e8c7b939c20b697211540ef5f7eb715b6b4d392442da16bc4450e632a5192a99
montefiore_pdfua_unified_v5_02_scripts_2026-05-19,montefiore_pdfua_unified_v5_02_scripts_2026-05-19/scripts/validation_profiles/veraPDF-validation-profiles-integration/PDF_A/2b/6.1 File structure/6.1.13 Implementation limits/verapdf-profile-6-1-13-t01.xml,1202,4b85c6949e75daed22cec0f0123daed2b684be4fc256ed0227080199f7370aa9
montefiore_pdfua_unified_v5_02_scripts_2026-05-19,montefiore_pdfua_unified_v5_02_scripts_2026-05-19/scripts/validation_profiles/veraPDF-validation-profiles-integration/PDF_A/2b/6.1 File structure/6.1.13 Implementation limits/verapdf-profile-6-1-13-t02.xml,1094,1b6a763182c8478bb68eebc4ec86da9d9d3ed5c0e41f250bb9f061bf4ed17e16
montefiore_pdfua_unified_v5_02_scripts_2026-05-19,montefiore_pdfua_unified_v5_02_scripts_2026-05-19/scripts/validation_profiles/veraPDF-validation-profiles-integration/PDF_A/2b/6.1 File structure/6.1.13 Implementation limits/verapdf-profile-6-1-13-t03.xml,1024,6c7681c87d6270ba44f7cb2506b61e26228679d67a99c7df704a0e41a72d7490
montefiore_pdfua_unified_v5_02_scripts_2026-05-19,montefiore_pdfua_unified_v5_02_scripts_2026-05-19/scripts/validation_profiles/veraPDF-validation-profiles-integration/PDF_A/2b/6.1 File structure/6.1.13 Implementation limits/verapdf-profile-6-1-13-t04.xml,1041,f74e846c87186d39789e8d56af3f65b7ae2a9ce35777fabd75e3358a306c397d
montefiore_pdfua_unified_v5_02_scripts_2026-05-19,montefiore_pdfua_unified_v5_02_scripts_2026-05-19/scripts/validation_profiles/veraPDF-validation-profiles-integration/PDF_A/2b/6.1 File structure/6.1.13 Implementation limits/verapdf-profile-6-1-13-t05.xml,1126,3de6c055ca00263f0dd79b4d34bbd69b1b419a76ce446a69334d65332d79d7a3
montefiore_pdfua_unified_v5_02_scripts_2026-05-19,montefiore_pdfua_unified_v5_02_scripts_2026-05-19/scripts/validation_profiles/veraPDF-validation-profiles-integration/PDF_A/2b/6.1 File structure/6.1.13 Implementation limits/verapdf-profile-6-1-13-t07.xml,1064,21e4ca2abb7d2dc5dd5df9a99ec422e098d765b3072643d98c20439fd4caa354
montefiore_pdfua_unified_v5_02_scripts_2026-05-19,montefiore_pdfua_unified_v5_02_scripts_2026-05-19/scripts/validation_profiles/veraPDF-validation-profiles-integration/PDF_A/2b/6.1 File structure/6.1.13 Implementation limits/verapdf-profile-6-1-13-t08.xml,1073,10707c41d40c654a167028a35503177d250434ccd52d1cf7731e5eac1c2ab536
montefiore_pdfua_unified_v5_02_scripts_2026-05-19,montefiore_pdfua_unified_v5_02_scripts_2026-05-19/scripts/validation_profiles/veraPDF-validation-profiles-integration/PDF_A/2b/6.1 File structure/6.1.13 Implementation limits/verapdf-profile-6-1-13-t09.xml,1076,873be40f6160c46da92bee23a4863497e61f44fddec8a836d11912bc15956851
montefiore_pdfua_unified_v5_02_scripts_2026-05-19,montefiore_pdfua_unified_v5_02_scripts_2026-05-19/scripts/validation_profiles/veraPDF-validation-profiles-integration/PDF_A/2b/6.1 File structure/6.1.13 Implementation limits/verapdf-profile-6-1-13-t10.xml,1008,dff21fd0f3018044714d88630abc34e1ea9e1e03d79896ea5268c730ffd0fa5b
montefiore_pdfua_unified_v5_02_scripts_2026-05-19,montefiore_pdfua_unified_v5_02_scripts_2026-05-19/scripts/validation_profiles/veraPDF-validation-profiles-integration/PDF_A/2b/6.1 File structure/6.1.13 Implementation limits/verapdf-profile-6-1-13-t11.xml,1549,8fee5703b7c10a036094e8f4516a6049a57969b94a0c80e8dccb922a2ff7912c
montefiore_pdfua_unified_v5_02_scripts_2026-05-19,montefiore_pdfua_unified_v5_02_scripts_2026-05-19/scripts/validation_profiles/veraPDF-validation-profiles-integration/PDF_A/2b/6.1 File structure/6.1.2 File header/verapdf-profile-6-1-2-t01.xml,1446,babd8646922305a134862428a088d5c685def608fe5a742955227700a03bad41
montefiore_pdfua_unified_v5_02_scripts_2026-05-19,montefiore_pdfua_unified_v5_02_scripts_2026-05-19/scripts/validation_profiles/veraPDF-validation-profiles-integration/PDF_A/2b/6.1 File structure/6.1.2 File header/verapdf-profile-6-1-2-t02.xml,1646,23a72d07fb6d2966fd901b9381ef081c444cf123fe71d878302bf6c41f672a41
montefiore_pdfua_unified_v5_02_scripts_2026-05-19,montefiore_pdfua_unified_v5_02_scripts_2026-05-19/scripts/validation_profiles/veraPDF-validation-profiles-integration/PDF_A/2b/6.1 File structure/6.1.3 File trailer/verapdf-profile-6-1-3-t01.xml,1191,d204140e6112bc07339d56c190a58f3afc20ccf279a4938f0f1e0b83dd06e3c9
montefiore_pdfua_unified_v5_02_scripts_2026-05-19,montefiore_pdfua_unified_v5_02_scripts_2026-05-19/scripts/validation_profiles/veraPDF-validation-profiles-integration/PDF_A/2b/6.1 File structure/6.1.3 File trailer/verapdf-profile-6-1-3-t02.xml,930,126b96a1e301ffb210240c51af74719f57ed438e05a56fe1a0faa963bf62d5ba
montefiore_pdfua_unified_v5_02_scripts_2026-05-19,montefiore_pdfua_unified_v5_02_scripts_2026-05-19/scripts/validation_profiles/veraPDF-validation-profiles-integration/PDF_A/2b/6.1 File structure/6.1.3 File trailer/verapdf-profile-6-1-3-t03.xml,1260,482b9f7f35139e967a2b52bf4084544f949868d960563305db1b1604cf083fac
montefiore_pdfua_unified_v5_02_scripts_2026-05-19,montefiore_pdfua_unified_v5_02_scripts_2026-05-19/scripts/validation_profiles/veraPDF-validation-profiles-integration/PDF_A/2b/6.1 File structure/6.1.4 Cross reference table/verapdf-profile-6-1-4-t02.xml,1069,6f0180a0e6e24c9aa6d96371f6f85c31ed714d64b863f1f6f711ffa4ef134629
montefiore_pdfua_unified_v5_02_scripts_2026-05-19,montefiore_pdfua_unified_v5_02_scripts_2026-05-19/scripts/validation_profiles/veraPDF-validation-profiles-integration/PDF_A/2b/6.1 File structure/6.1.6 String objects/verapdf-profile-6-1-6-t01.xml,1097,0801da03a58f51fcdbfdc1c45ddc46a157eb82668b5e688b268dc54d588d1822
montefiore_pdfua_unified_v5_02_scripts_2026-05-19,montefiore_pdfua_unified_v5_02_scripts_2026-05-19/scripts/validation_profiles/veraPDF-validation-profiles-integration/PDF_A/2b/6.1 File structure/6.1.6 String objects/verapdf-profile-6-1-6-t02.xml,1084,3326a0fe88c55e393bbe5bd318822f3bb312bff69a646ede34cc373bd13a8ebd
montefiore_pdfua_unified_v5_02_scripts_2026-05-19,montefiore_pdfua_unified_v5_02_scripts_2026-05-19/scripts/validation_profiles/veraPDF-validation-profiles-integration/PDF_A/2b/6.1 File structure/6.1.7 Stream objects/6.1.7.1 General/verapdf-profile-6-1-7-1-t01.xml,1492,054a7d84eebaaa18a6b3d0668d80328913380f8c34d530bb303dfc7df43d8846
montefiore_pdfua_unified_v5_02_scripts_2026-05-19,montefiore_pdfua_unified_v5_02_scripts_2026-05-19/scripts/validation_profiles/veraPDF-validation-profiles-integration/PDF_A/2b/6.1 File structure/6.1.7 Stream objects/6.1.7.1 General/verapdf-profile-6-1-7-1-t02.xml,1348,e46c54c04bd738bf8511648a609ac3286b6ca502ee58ffb9d2ba738a2e57ead1
montefiore_pdfua_unified_v5_02_scripts_2026-05-19,montefiore_pdfua_unified_v5_02_scripts_2026-05-19/scripts/validation_profiles/veraPDF-validation-profiles-integration/PDF_A/2b/6.1 File structure/6.1.7 Stream objects/6.1.7.1 General/verapdf-profile-6-1-7-1-t03.xml,1210,c5e963744fddcec28b6f037170dfa8072b26084d19a8e8221a34749416cd7748
montefiore_pdfua_unified_v5_02_scripts_2026-05-19,montefiore_pdfua_unified_v5_02_scripts_2026-05-19/scripts/validation_profiles/veraPDF-validation-profiles-integration/PDF_A/2b/6.1 File structure/6.1.7 Stream objects/6.1.7.2 Filters/verapdf-profile-6-1-7-2-t01.xml,2226,d3fdb7289e4ef13f291d722a15d7065758b60964ec00000bc7a83c0478a2d9b9
montefiore_pdfua_unified_v5_02_scripts_2026-05-19,montefiore_pdfua_unified_v5_02_scripts_2026-05-19/scripts/validation_profiles/veraPDF-validation-profiles-integration/PDF_A/2b/6.1 File structure/6.1.8 Name objects/verapdf-profile-6-1-8-t01.xml,1447,b17ce9aedf7c3cdf08ec5b1de93b94e6179289d567a8093fc2019c94cbd844e3
montefiore_pdfua_unified_v5_02_scripts_2026-05-19,montefiore_pdfua_unified_v5_02_scripts_2026-05-19/scripts/validation_profiles/veraPDF-validation-profiles-integration/PDF_A/2b/6.1 File structure/6.1.9 Indirect objects/verapdf-profile-6-1-9-t01.xml,1542,f3b4cd51efe7698a3db4b3fe4ea1966611b6a3be49a8de8d8ce5256a9c857ab7
montefiore_pdfua_unified_v5_02_scripts_2026-05-19,montefiore_pdfua_unified_v5_02_scripts_2026-05-19/scripts/validation_profiles/veraPDF-validation-profiles-integration/PDF_A/2b/6.10 Use of alternate presentations and transitions/verapdf-profile-6-10-t01.xml,1045,926a844c1ec31a1825e68c216dc60e2290183020a763a7e34b0dde4edd755beb
montefiore_pdfua_unified_v5_02_scripts_2026-05-19,montefiore_pdfua_unified_v5_02_scripts_2026-05-19/scripts/validation_profiles/veraPDF-validation-profiles-integration/PDF_A/2b/6.10 Use of alternate presentations and transitions/verapdf-profile-6-10-t02.xml,941,3c2c440b57f7f7d7e91cfcbb57284a3f27134f2d94ae7de5f6c3700ee0d82b90
montefiore_pdfua_unified_v5_02_scripts_2026-05-19,montefiore_pdfua_unified_v5_02_scripts_2026-05-19/scripts/validation_profiles/veraPDF-validation-profiles-integration/PDF_A/2b/6.11 Document requirements/verapdf-profile-6-11-t01.xml,913,f9d277c7e5f2effb7a1600d03d0b97ddb8127637d759f8d6b96af3a3d4e0fd65
montefiore_pdfua_unified_v5_02_scripts_2026-05-19,montefiore_pdfua_unified_v5_02_scripts_2026-05-19/scripts/validation_profiles/veraPDF-validation-profiles-integration/PDF_A/2b/6.2 Graphics/6.2.10 Transparency/verapdf-profile-6-2-10-t01.xml,2258,9a700378e09129acdcc85346fdf858ef1aee6846ff7374c3b5dc6550ac3444b5
montefiore_pdfua_unified_v5_02_scripts_2026-05-19,montefiore_pdfua_unified_v5_02_scripts_2026-05-19/scripts/validation_profiles/veraPDF-validation-profiles-integration/PDF_A/2b/6.2 Graphics/6.2.10 Transparency/verapdf-profile-6-2-10-t02.xml,1803,a1add0e39317c965d0d8433737d2118365dd844359781313b4fb66efe1a5931c
montefiore_pdfua_unified_v5_02_scripts_2026-05-19,montefiore_pdfua_unified_v5_02_scripts_2026-05-19/scripts/validation_profiles/veraPDF-validation-profiles-integration/PDF_A/2b/6.2 Graphics/6.2.11 Fonts/6.2.11.2 Font types/verapdf-profile-6-2-11-2-t01.xml,1983,6fe5ff479faf8d5a3a2955b16fd42a484aab3cda59e0b0b4086558578c38f4c3
montefiore_pdfua_unified_v5_02_scripts_2026-05-19,montefiore_pdfua_unified_v5_02_scripts_2026-05-19/scripts/validation_profiles/veraPDF-validation-profiles-integration/PDF_A/2b/6.2 Graphics/6.2.11 Fonts/6.2.11.2 Font types/verapdf-profile-6-2-11-2-t02.xml,2769,77970c82e818279d29d6a4dd119500abe681b16e4bac822fd45763f8fa8d6ea6
montefiore_pdfua_unified_v5_02_scripts_2026-05-19,montefiore_pdfua_unified_v5_02_scripts_2026-05-19/scripts/validation_profiles/veraPDF-validation-profiles-integration/PDF_A/2b/6.2 Graphics/6.2.11 Fonts/6.2.11.2 Font types/verapdf-profile-6-2-11-2-t03.xml,1729,826e51fc4bff3fd072f9b6116ff7dd6724cd6e9ce4eadc92bf4b2d042311021c
montefiore_pdfua_unified_v5_02_scripts_2026-05-19,montefiore_pdfua_unified_v5_02_scripts_2026-05-19/scripts/validation_profiles/veraPDF-validation-profiles-integration/PDF_A/2b/6.2 Graphics/6.2.11 Fonts/6.2.11.2 Font types/verapdf-profile-6-2-11-2-t04.xml,1792,b6d692e440c958010c84a3b9808a6ffdffd3a99f5f6e226c998362bda94688ce
montefiore_pdfua_unified_v5_02_scripts_2026-05-19,montefiore_pdfua_unified_v5_02_scripts_2026-05-19/scripts/validation_profiles/veraPDF-validation-profiles-integration/PDF_A/2b/6.2 Graphics/6.2.11 Fonts/6.2.11.2 Font types/verapdf-profile-6-2-11-2-t05.xml,1785,47ae656484bdbf62ef67c8bb480388d43f8e045a1f3c27ac9a58e0b91a5b92aa
montefiore_pdfua_unified_v5_02_scripts_2026-05-19,montefiore_pdfua_unified_v5_02_scripts_2026-05-19/scripts/validation_profiles/veraPDF-validation-profiles-integration/PDF_A/2b/6.2 Graphics/6.2.11 Fonts/6.2.11.2 Font types/verapdf-profile-6-2-11-2-t06.xml,2002,a1251d2f85ec4efef2effd599073975c84486f631b64c1fa046518477281099a
montefiore_pdfua_unified_v5_02_scripts_2026-05-19,montefiore_pdfua_unified_v5_02_scripts_2026-05-19/scripts/validation_profiles/veraPDF-validation-profiles-integration/PDF_A/2b/6.2 Graphics/6.2.11 Fonts/6.2.11.2 Font types/verapdf-profile-6-2-11-2-t07.xml,2395,394562487f4cee590f8b9d2295e619f0f84e45e41989458deb0f51b955f0b847
montefiore_pdfua_unified_v5_02_scripts_2026-05-19,montefiore_pdfua_unified_v5_02_scripts_2026-05-19/scripts/validation_profiles/veraPDF-validation-profiles-integration/PDF_A/2b/6.2 Graphics/6.2.11 Fonts/6.2.11.3 Composite fonts/6.2.11.3.1 General/verapdf-profile-6-2-11-3-1-t01.xml,3135,b581ce13c927dd78dbf21a8816e61b977636651be357885a80ddac8533c713b3
montefiore_pdfua_unified_v5_02_scripts_2026-05-19,montefiore_pdfua_unified_v5_02_scripts_2026-05-19/scripts/validation_profiles/veraPDF-validation-profiles-integration/PDF_A/2b/6.2 Graphics/6.2.11 Fonts/6.2.11.3 Composite fonts/6.2.11.3.2 CIDFonts/verapdf-profile-6-2-11-3-2-t01.xml,1572,93d4c7509ad9ac031a41e124dcb3495f207d485a3172d0aed0a1f2c93a7d988a
montefiore_pdfua_unified_v5_02_scripts_2026-05-19,montefiore_pdfua_unified_v5_02_scripts_2026-05-19/scripts/validation_profiles/veraPDF-validation-profiles-integration/PDF_A/2b/6.2 Graphics/6.2.11 Fonts/6.2.11.3 Composite fonts/6.2.11.3.3 CMaps/verapdf-profile-6-2-11-3-3-t01.xml,3746,7c80a63e02b464bf498449bfe3cb4e944e822328e11c3f6142a133dbe7f2faeb
montefiore_pdfua_unified_v5_02_scripts_2026-05-19,montefiore_pdfua_unified_v5_02_scripts_2026-05-19/scripts/validation_profiles/veraPDF-validation-profiles-integration/PDF_A/2b/6.2 Graphics/6.2.11 Fonts/6.2.11.3 Composite fonts/6.2.11.3.3 CMaps/verapdf-profile-6-2-11-3-3-t02.xml,1323,7a560f2d4516b2b954e971a3434d43bca6130ef712a0761d81536d7b96bac79f
montefiore_pdfua_unified_v5_02_scripts_2026-05-19,montefiore_pdfua_unified_v5_02_scripts_2026-05-19/scripts/validation_profiles/veraPDF-validation-profiles-integration/PDF_A/2b/6.2 Graphics/6.2.11 Fonts/6.2.11.3 Composite fonts/6.2.11.3.3 CMaps/verapdf-profile-6-2-11-3-3-t03.xml,3591,f285849b380b39846a96b79588edc5dcd53e20c0d64f1b05eef11efcaeb2acb2
montefiore_pdfua_unified_v5_02_scripts_2026-05-19,montefiore_pdfua_unified_v5_02_scripts_2026-05-19/scripts/validation_profiles/veraPDF-validation-profiles-integration/PDF_A/2b/6.2 Graphics/6.2.11 Fonts/6.2.11.4 Embedding/6.2.11.4.1 General/verapdf-profile-6-2-11-4-1-t01.xml,1285,fac56b7abae2d0a10412a4648b25b70b617f7be0c44199f96625423d9a03ac2b
montefiore_pdfua_unified_v5_02_scripts_2026-05-19,montefiore_pdfua_unified_v5_02_scripts_2026-05-19/scripts/validation_profiles/veraPDF-validation-profiles-integration/PDF_A/2b/6.2 Graphics/6.2.11 Fonts/6.2.11.4 Embedding/6.2.11.4.1 General/verapdf-profile-6-2-11-4-1-t02.xml,2007,bc77ec9a4beca0182a30f022b179237868fb0742d90e5fe97d9da0a07bef7896
montefiore_pdfua_unified_v5_02_scripts_2026-05-19,montefiore_pdfua_unified_v5_02_scripts_2026-05-19/scripts/validation_profiles/veraPDF-validation-profiles-integration/PDF_A/2b/6.2 Graphics/6.2.11 Fonts/6.2.11.4 Embedding/6.2.11.4.2 Subset embedding/verapdf-profile-6-2-11-4-2-t01.xml,1507,cfb324e991473221264b81fb06817e57ca3db63d808bc78011c148473786985a
montefiore_pdfua_unified_v5_02_scripts_2026-05-19,montefiore_pdfua_unified_v5_02_scripts_2026-05-19/scripts/validation_profiles/veraPDF-validation-profiles-integration/PDF_A/2b/6.2 Graphics/6.2.11 Fonts/6.2.11.4 Embedding/6.2.11.4.2 Subset embedding/verapdf-profile-6-2-11-4-2-t02.xml,1474,00e1f8c0438737fa4d64dd0a2417b6590e0b37ef9b2a005354001cea9ec9461a
montefiore_pdfua_unified_v5_02_scripts_2026-05-19,montefiore_pdfua_unified_v5_02_scripts_2026-05-19/scripts/validation_profiles/veraPDF-validation-profiles-integration/PDF_A/2b/6.2 Graphics/6.2.11 Fonts/6.2.11.5 Font metrics/verapdf-profile-6-2-11-5-t01.xml,1518,8423a188b1c2848e63648f1f9c11b4683da69d00493928bacf49c077fa3965ca
montefiore_pdfua_unified_v5_02_scripts_2026-05-19,montefiore_pdfua_unified_v5_02_scripts_2026-05-19/scripts/validation_profiles/veraPDF-validation-profiles-integration/PDF_A/2b/6.2 Graphics/6.2.11 Fonts/6.2.11.6 Character encodings/verapdf-profile-6-2-11-6-t01.xml,1390,737c6b5169a59c0c20f1590a811ebea46a101de7394e9f4a0c03497ae261ab91
montefiore_pdfua_unified_v5_02_scripts_2026-05-19,montefiore_pdfua_unified_v5_02_scripts_2026-05-19/scripts/validation_profiles/veraPDF-validation-profiles-integration/PDF_A/2b/6.2 Graphics/6.2.11 Fonts/6.2.11.6 Character encodings/verapdf-profile-6-2-11-6-t02.xml,2715,66056b8c2f39fc725ad50c0cb0704579f5cad61d8ddb996e08f26135a35b2cda
montefiore_pdfua_unified_v5_02_scripts_2026-05-19,montefiore_pdfua_unified_v5_02_scripts_2026-05-19/scripts/validation_profiles/veraPDF-validation-profiles-integration/PDF_A/2b/6.2 Graphics/6.2.11 Fonts/6.2.11.6 Character encodings/verapdf-profile-6-2-11-6-t03.xml,1054,889ee9efe5adbcd6fefba82869d4a7e4cf4d0d4c966e727bfbe4540b78b40eab
montefiore_pdfua_unified_v5_02_scripts_2026-05-19,montefiore_pdfua_unified_v5_02_scripts_2026-05-19/scripts/validation_profiles/veraPDF-validation-profiles-integration/PDF_A/2b/6.2 Graphics/6.2.11 Fonts/6.2.11.6 Character encodings/verapdf-profile-6-2-11-6-t04.xml,1605,07b1dd73adb7666c7a9dea585f3b52692abe8c9013de1139bcaa54cb235dfe0a
montefiore_pdfua_unified_v5_02_scripts_2026-05-19,montefiore_pdfua_unified_v5_02_scripts_2026-05-19/scripts/validation_profiles/veraPDF-validation-profiles-integration/PDF_A/2b/6.2 Graphics/6.2.11 Fonts/6.2.11.8 Use of .notdef glyph/verapdf-profile-6-2-11-8-t01.xml,1185,8a4dc6ac95f2dc749b71ae7ae5b264be3e2ab6ebc6c4f91741e6c770348c4eb7
montefiore_pdfua_unified_v5_02_scripts_2026-05-19,montefiore_pdfua_unified_v5_02_scripts_2026-05-19/scripts/validation_profiles/veraPDF-validation-profiles-integration/PDF_A/2b/6.2 Graphics/6.2.2 Content streams/verapdf-profile-6-2-2-t01.xml,1171,7eddb35a750a78866f0fd24d29c893aaf94fa7750918f68d9ca50cddc7f7c138
montefiore_pdfua_unified_v5_02_scripts_2026-05-19,montefiore_pdfua_unified_v5_02_scripts_2026-05-19/scripts/validation_profiles/veraPDF-validation-profiles-integration/PDF_A/2b/6.2 Graphics/6.2.2 Content streams/verapdf-profile-6-2-2-t02.xml,1532,3c9df29273da072708b2550fcfa70666ca0c3415c51016754a1a034ed8eaf1ea
montefiore_pdfua_unified_v5_02_scripts_2026-05-19,montefiore_pdfua_unified_v5_02_scripts_2026-05-19/scripts/validation_profiles/veraPDF-validation-profiles-integration/PDF_A/2b/6.2 Graphics/6.2.3 Output intent/verapdf-profile-6-2-3-t01.xml,1961,8e60faa8962ea11ff546f3c93631127f328a7c45d71265e9e5141e2b1d908e13
montefiore_pdfua_unified_v5_02_scripts_2026-05-19,montefiore_pdfua_unified_v5_02_scripts_2026-05-19/scripts/validation_profiles/veraPDF-validation-profiles-integration/PDF_A/2b/6.2 Graphics/6.2.3 Output intent/verapdf-profile-6-2-3-t02.xml,1708,38ed6110e1aae85ebf3efd55668fd0ac16678da82af93e72d67eb1069a6618b3
montefiore_pdfua_unified_v5_02_scripts_2026-05-19,montefiore_pdfua_unified_v5_02_scripts_2026-05-19/scripts/validation_profiles/veraPDF-validation-profiles-integration/PDF_A/2b/6.2 Graphics/6.2.3 Output intent/verapdf-profile-6-2-3-t03.xml,1257,73b85e4ed0d31696b4da7a1f29964ddd2b1bd55e86e28c8406e8f1c5ab0a95d7
montefiore_pdfua_unified_v5_02_scripts_2026-05-19,montefiore_pdfua_unified_v5_02_scripts_2026-05-19/scripts/validation_profiles/veraPDF-validation-profiles-integration/PDF_A/2b/6.2 Graphics/6.2.4 Colour spaces/6.2.4.2 ICCBased colour spaces/verapdf-profile-6-2-4-2-t01.xml,1775,48b8b7abe8a7e66736cb8fe9543ce37ac1faf5cc7b2ea4e159b7c27d14e8491a
montefiore_pdfua_unified_v5_02_scripts_2026-05-19,montefiore_pdfua_unified_v5_02_scripts_2026-05-19/scripts/validation_profiles/veraPDF-validation-profiles-integration/PDF_A/2b/6.2 Graphics/6.2.4 Colour spaces/6.2.4.2 ICCBased colour spaces/verapdf-profile-6-2-4-2-t02.xml,1675,ea30eada530ea0b958b27e5522c28dd3d7cd5e735c9934a8066b72576755380c
montefiore_pdfua_unified_v5_02_scripts_2026-05-19,montefiore_pdfua_unified_v5_02_scripts_2026-05-19/scripts/validation_profiles/veraPDF-validation-profiles-integration/PDF_A/2b/6.2 Graphics/6.2.4 Colour spaces/6.2.4.3 Uncalibrated Device colour spaces/verapdf-profile-6-2-4-3-t02.xml,1554,59c6f447bf06564481857c883ca9a808ae1d7b09cce9e2a6ffc2c3875714c337
montefiore_pdfua_unified_v5_02_scripts_2026-05-19,montefiore_pdfua_unified_v5_02_scripts_2026-05-19/scripts/validation_profiles/veraPDF-validation-profiles-integration/PDF_A/2b/6.2 Graphics/6.2.4 Colour spaces/6.2.4.3 Uncalibrated Device colour spaces/verapdf-profile-6-2-4-3-t03.xml,1676,24458405242a3c840402e1ef24b591d16aae8937415af2c0531c891ac5a3ed4f
montefiore_pdfua_unified_v5_02_scripts_2026-05-19,montefiore_pdfua_unified_v5_02_scripts_2026-05-19/scripts/validation_profiles/veraPDF-validation-profiles-integration/PDF_A/2b/6.2 Graphics/6.2.4 Colour spaces/6.2.4.3 Uncalibrated Device colour spaces/verapdf-profile-6-2-4-3-t04.xml,1433,3b980d53f54949f64d7484fbaa070a9cb2414f29a3a154233b2f1585ce6cd823
montefiore_pdfua_unified_v5_02_scripts_2026-05-19,montefiore_pdfua_unified_v5_02_scripts_2026-05-19/scripts/validation_profiles/veraPDF-validation-profiles-integration/PDF_A/2b/6.2 Graphics/6.2.4 Colour spaces/6.2.4.4 Separation and DeviceN colour spaces/verapdf-profile-6-2-4-4-t01.xml,1259,435a9f756873850e4b18aa45bb0e38e8a5dfc3225ea72945fcdcebe5e5277608
montefiore_pdfua_unified_v5_02_scripts_2026-05-19,montefiore_pdfua_unified_v5_02_scripts_2026-05-19/scripts/validation_profiles/veraPDF-validation-profiles-integration/PDF_A/2b/6.2 Graphics/6.2.4 Colour spaces/6.2.4.4 Separation and DeviceN colour spaces/verapdf-profile-6-2-4-4-t02.xml,1708,5826fef39304ae1094e97060070340757366fa033b0f0c7ab590b9b6e882df5e
montefiore_pdfua_unified_v5_02_scripts_2026-05-19,montefiore_pdfua_unified_v5_02_scripts_2026-05-19/scripts/validation_profiles/veraPDF-validation-profiles-integration/PDF_A/2b/6.2 Graphics/6.2.5 Extended graphics state/verapdf-profile-6-2-5-t01.xml,910,04936685fcfc2f2f2a35a3226936231245e975a231fb593783597659407beeb3
montefiore_pdfua_unified_v5_02_scripts_2026-05-19,montefiore_pdfua_unified_v5_02_scripts_2026-05-19/scripts/validation_profiles/veraPDF-validation-profiles-integration/PDF_A/2b/6.2 Graphics/6.2.5 Extended graphics state/verapdf-profile-6-2-5-t02.xml,1050,ca1f664ed381c949b9d1b129b9c4a09d405f9f4b40e765bab1ce7fd940f1a5a9
montefiore_pdfua_unified_v5_02_scripts_2026-05-19,montefiore_pdfua_unified_v5_02_scripts_2026-05-19/scripts/validation_profiles/veraPDF-validation-profiles-integration/PDF_A/2b/6.2 Graphics/6.2.5 Extended graphics state/verapdf-profile-6-2-5-t03.xml,915,2d3a5992a1703d3a8d550b3332e1dedd3f6ea44814d6de18ab51292161e060ab
montefiore_pdfua_unified_v5_02_scripts_2026-05-19,montefiore_pdfua_unified_v5_02_scripts_2026-05-19/scripts/validation_profiles/veraPDF-validation-profiles-integration/PDF_A/2b/6.2 Graphics/6.2.5 Extended graphics state/verapdf-profile-6-2-5-t04.xml,1134,80a3bb5d5764be4a0bdf9f155c2f9d4eab42ea0b696db1a64e60c4146d504091
montefiore_pdfua_unified_v5_02_scripts_2026-05-19,montefiore_pdfua_unified_v5_02_scripts_2026-05-19/scripts/validation_profiles/veraPDF-validation-profiles-integration/PDF_A/2b/6.2 Graphics/6.2.5 Extended graphics state/verapdf-profile-6-2-5-t05.xml,971,a4e3c97f31155811884e39caa47ac1fd04dd4d3622bc758b2ae947d4e20edf45
montefiore_pdfua_unified_v5_02_scripts_2026-05-19,montefiore_pdfua_unified_v5_02_scripts_2026-05-19/scripts/validation_profiles/veraPDF-validation-profiles-integration/PDF_A/2b/6.2 Graphics/6.2.5 Extended graphics state/verapdf-profile-6-2-5-t06.xml,1405,c25bbb9d747ddc28c8d572eae29aa55164fdf1cb8a88e0021c96cddac6cecebd
montefiore_pdfua_unified_v5_02_scripts_2026-05-19,montefiore_pdfua_unified_v5_02_scripts_2026-05-19/scripts/validation_profiles/veraPDF-validation-profiles-integration/PDF_A/2b/6.2 Graphics/6.2.6 Rendering intents/verapdf-profile-6-2-6-t01.xml,1432,48d96f7fbe8f33ef69aedf4873f833d947296ca9f85c1546ba6961be218c1715
montefiore_pdfua_unified_v5_02_scripts_2026-05-19,montefiore_pdfua_unified_v5_02_scripts_2026-05-19/scripts/validation_profiles/veraPDF-validation-profiles-integration/PDF_A/2b/6.2 Graphics/6.2.8 Images/6.2.8.1 General/verapdf-profile-6-2-8-t01.xml,916,a421d2897cf28d153efb5cea08eecf38064aa02ecd43db525dc22d0438d4df95
montefiore_pdfua_unified_v5_02_scripts_2026-05-19,montefiore_pdfua_unified_v5_02_scripts_2026-05-19/scripts/validation_profiles/veraPDF-validation-profiles-integration/PDF_A/2b/6.2 Graphics/6.2.8 Images/6.2.8.1 General/verapdf-profile-6-2-8-t02.xml,881,d94eac1ceb0290285c5367b34368efe287a140af60e42784593fdb5304a45c04
montefiore_pdfua_unified_v5_02_scripts_2026-05-19,montefiore_pdfua_unified_v5_02_scripts_2026-05-19/scripts/validation_profiles/veraPDF-validation-profiles-integration/PDF_A/2b/6.2 Graphics/6.2.8 Images/6.2.8.1 General/verapdf-profile-6-2-8-t03.xml,1093,48b94f4e305e20dc82c1e19e055d6bbd72e6cd09bdc902460a2130186893befa
montefiore_pdfua_unified_v5_02_scripts_2026-05-19,montefiore_pdfua_unified_v5_02_scripts_2026-05-19/scripts/validation_profiles/veraPDF-validation-profiles-integration/PDF_A/2b/6.2 Graphics/6.2.8 Images/6.2.8.1 General/verapdf-profile-6-2-8-t04.xml,1371,2d786f1d1c3a75867cb1753fef0808d8a1a636656eddf33848349194faf07998
montefiore_pdfua_unified_v5_02_scripts_2026-05-19,montefiore_pdfua_unified_v5_02_scripts_2026-05-19/scripts/validation_profiles/veraPDF-validation-profiles-integration/PDF_A/2b/6.2 Graphics/6.2.8 Images/6.2.8.1 General/verapdf-profile-6-2-8-t05.xml,1238,1e3eea7eb2d9d1b2f986032e2ff7317c4b2d9f780f10c92a228db3e7200748b2
montefiore_pdfua_unified_v5_02_scripts_2026-05-19,montefiore_pdfua_unified_v5_02_scripts_2026-05-19/scripts/validation_profiles/veraPDF-validation-profiles-integration/PDF_A/2b/6.2 Graphics/6.2.8 Images/6.2.8.3 JPEG2000/verapdf-profile-6-2-8-3-t01.xml,1096,74ffc8123b95a92ccb2cb952bee672156f9aa3f83664f0ced446100388005c70
montefiore_pdfua_unified_v5_02_scripts_2026-05-19,montefiore_pdfua_unified_v5_02_scripts_2026-05-19/scripts/validation_profiles/veraPDF-validation-profiles-integration/PDF_A/2b/6.2 Graphics/6.2.8 Images/6.2.8.3 JPEG2000/verapdf-profile-6-2-8-3-t02.xml,1423,2de5715f5c90f7205238014fac32f8356349f18b95f41536ee1761312782e45f
montefiore_pdfua_unified_v5_02_scripts_2026-05-19,montefiore_pdfua_unified_v5_02_scripts_2026-05-19/scripts/validation_profiles/veraPDF-validation-profiles-integration/PDF_A/2b/6.2 Graphics/6.2.8 Images/6.2.8.3 JPEG2000/verapdf-profile-6-2-8-3-t03.xml,1389,42c1898ff0edc87efbece4a1020d5fef5840cbbdf9be9a2e9aec2a5e34cef558
montefiore_pdfua_unified_v5_02_scripts_2026-05-19,montefiore_pdfua_unified_v5_02_scripts_2026-05-19/scripts/validation_profiles/veraPDF-validation-profiles-integration/PDF_A/2b/6.2 Graphics/6.2.8 Images/6.2.8.3 JPEG2000/verapdf-profile-6-2-8-3-t04.xml,1020,3a677f06d4f96447e0d1ba124fb71fe9245fb9b9b299072b453d2af5be6c6ea8
montefiore_pdfua_unified_v5_02_scripts_2026-05-19,montefiore_pdfua_unified_v5_02_scripts_2026-05-19/scripts/validation_profiles/veraPDF-validation-profiles-integration/PDF_A/2b/6.2 Graphics/6.2.8 Images/6.2.8.3 JPEG2000/verapdf-profile-6-2-8-3-t05.xml,1396,ca6ba3d62e7f95929dbd7c038ba0827402cf0fc64ef870c3faf3a225cf2b01f0
montefiore_pdfua_unified_v5_02_scripts_2026-05-19,montefiore_pdfua_unified_v5_02_scripts_2026-05-19/scripts/validation_profiles/veraPDF-validation-profiles-integration/PDF_A/2b/6.2 Graphics/6.2.9 XObjects/6.2.9.1 Form XObjects/verapdf-profile-6-2-9-t01.xml,1213,e5961352355ae22f1c7cd102204b3e30fb05edd43d23b1a1810ae2b4f1b647ca
montefiore_pdfua_unified_v5_02_scripts_2026-05-19,montefiore_pdfua_unified_v5_02_scripts_2026-05-19/scripts/validation_profiles/veraPDF-validation-profiles-integration/PDF_A/2b/6.2 Graphics/6.2.9 XObjects/6.2.9.2 Reference XObjects/verapdf-profile-6-2-9-t02.xml,963,b9e3f195ac81d3793940c9702cb35ce1acbc62257a1674ac26399bc45a4f7915
montefiore_pdfua_unified_v5_02_scripts_2026-05-19,montefiore_pdfua_unified_v5_02_scripts_2026-05-19/scripts/validation_profiles/veraPDF-validation-profiles-integration/PDF_A/2b/6.2 Graphics/6.2.9 XObjects/6.2.9.3 PostScript XObjects/verapdf-profile-6-2-9-t03.xml,933,cf7feec52bcd14d25e9e03df0d427df9ab575cdf1a8affe2a0782770852a14e4
montefiore_pdfua_unified_v5_02_scripts_2026-05-19,montefiore_pdfua_unified_v5_02_scripts_2026-05-19/scripts/validation_profiles/veraPDF-validation-profiles-integration/PDF_A/2b/6.3 Annotations/6.3.1 Annotation types/verapdf-profile-6-3-1-t01.xml,2006,5388dec16e928e6aad2b1553c41364efdd7d824a1ac203ff521bd322ae6258a9
montefiore_pdfua_unified_v5_02_scripts_2026-05-19,montefiore_pdfua_unified_v5_02_scripts_2026-05-19/scripts/validation_profiles/veraPDF-validation-profiles-integration/PDF_A/2b/6.3 Annotations/6.3.2 Annotation dictionaries/verapdf-profile-6-3-2-t01.xml,1141,f1e52fd6014d489452a098dc83359f4c8377c767039d515851ec979a7a91eb8e
montefiore_pdfua_unified_v5_02_scripts_2026-05-19,montefiore_pdfua_unified_v5_02_scripts_2026-05-19/scripts/validation_profiles/veraPDF-validation-profiles-integration/PDF_A/2b/6.3 Annotations/6.3.2 Annotation dictionaries/verapdf-profile-6-3-2-t02.xml,1735,19a7beb28ae484b69f0e861a5064faef23570dd45209bb98f9cb80217cc896b0
montefiore_pdfua_unified_v5_02_scripts_2026-05-19,montefiore_pdfua_unified_v5_02_scripts_2026-05-19/scripts/validation_profiles/veraPDF-validation-profiles-integration/PDF_A/2b/6.3 Annotations/6.3.3 Annotation appearances/verapdf-profile-6-3-3-t01.xml,1652,6f40aed0d1b137e861aadf6a828db79443f859f1839c7fc756bd767397580f42
montefiore_pdfua_unified_v5_02_scripts_2026-05-19,montefiore_pdfua_unified_v5_02_scripts_2026-05-19/scripts/validation_profiles/veraPDF-validation-profiles-integration/PDF_A/2b/6.3 Annotations/6.3.3 Annotation appearances/verapdf-profile-6-3-3-t02.xml,1282,850389ff1f3fa3dbef5a026697d9b4408eb01dbf85d58cfb4260b861fd9daf5e
montefiore_pdfua_unified_v5_02_scripts_2026-05-19,montefiore_pdfua_unified_v5_02_scripts_2026-05-19/scripts/validation_profiles/veraPDF-validation-profiles-integration/PDF_A/2b/6.3 Annotations/6.3.3 Annotation appearances/verapdf-profile-6-3-3-t03.xml,1503,0ae81a7e192d3b131078fedaa853a19918f600ad15fb3f8a68ee68e156287f81
montefiore_pdfua_unified_v5_02_scripts_2026-05-19,montefiore_pdfua_unified_v5_02_scripts_2026-05-19/scripts/validation_profiles/veraPDF-validation-profiles-integration/PDF_A/2b/6.3 Annotations/6.3.3 Annotation appearances/verapdf-profile-6-3-3-t04.xml,1570,9723a6e9d4610f7b523599fcdcc655a6bcb0dcff1de07d4799519e771413f5b3
montefiore_pdfua_unified_v5_02_scripts_2026-05-19,montefiore_pdfua_unified_v5_02_scripts_2026-05-19/scripts/validation_profiles/veraPDF-validation-profiles-integration/PDF_A/2b/6.4 Interactive Forms/6.4.1 General/verapdf-profile-6-4-1-t01.xml,1141,3deb4190f16b8dbfde68f4614bdb2220c30533d54147a544c27b2f1c767c0793
montefiore_pdfua_unified_v5_02_scripts_2026-05-19,montefiore_pdfua_unified_v5_02_scripts_2026-05-19/scripts/validation_profiles/veraPDF-validation-profiles-integration/PDF_A/2b/6.4 Interactive Forms/6.4.1 General/verapdf-profile-6-4-1-t02.xml,934,4863e981cb386d7457c444d3a881eecd36105f4236813488cfb1f1d3ecaea19c
montefiore_pdfua_unified_v5_02_scripts_2026-05-19,montefiore_pdfua_unified_v5_02_scripts_2026-05-19/scripts/validation_profiles/veraPDF-validation-profiles-integration/PDF_A/2b/6.4 Interactive Forms/6.4.1 General/verapdf-profile-6-4-1-t03.xml,1107,1f3c68b345811a7268e926bcd0377adc228e265e75acf7610dcc27b96eda9ac1
montefiore_pdfua_unified_v5_02_scripts_2026-05-19,montefiore_pdfua_unified_v5_02_scripts_2026-05-19/scripts/validation_profiles/veraPDF-validation-profiles-integration/PDF_A/2b/6.4 Interactive Forms/6.4.2 XFA forms/verapdf-profile-6-4-2-t01.xml,1172,4afe645fc59773b4ad83ae57bb2f8f47667a884eb60878d54667bb3ca38ca639
montefiore_pdfua_unified_v5_02_scripts_2026-05-19,montefiore_pdfua_unified_v5_02_scripts_2026-05-19/scripts/validation_profiles/veraPDF-validation-profiles-integration/PDF_A/2b/6.4 Interactive Forms/6.4.2 XFA forms/verapdf-profile-6-4-2-t02.xml,973,e89af0951974c39a01b107769d6fa4b0761f1bc1e4461906d656ebf719e392ef
montefiore_pdfua_unified_v5_02_scripts_2026-05-19,montefiore_pdfua_unified_v5_02_scripts_2026-05-19/scripts/validation_profiles/veraPDF-validation-profiles-integration/PDF_A/2b/6.4 Interactive Forms/6.4.3 Digital signatures/verapdf-profile-6-4-3-t01.xml,1389,a4c9d3e586763f0890b6664edb1f5844a989a5e9e8820ac315c80c3a95fe304a
montefiore_pdfua_unified_v5_02_scripts_2026-05-19,montefiore_pdfua_unified_v5_02_scripts_2026-05-19/scripts/validation_profiles/veraPDF-validation-profiles-integration/PDF_A/2b/6.4 Interactive Forms/6.4.3 Digital signatures/verapdf-profile-6-4-3-t02.xml,1639,43d24db8aaae75641c6b8e210ee53f68a95d59c490c506e79edcf1f7e4aabf19
montefiore_pdfua_unified_v5_02_scripts_2026-05-19,montefiore_pdfua_unified_v5_02_scripts_2026-05-19/scripts/validation_profiles/veraPDF-validation-profiles-integration/PDF_A/2b/6.4 Interactive Forms/6.4.3 Digital signatures/verapdf-profile-6-4-3-t03.xml,1803,dca4b4c140ad49a31eaa0c8461c0c011a68011e09c830c73dd94213d7d7bb243
montefiore_pdfua_unified_v5_02_scripts_2026-05-19,montefiore_pdfua_unified_v5_02_scripts_2026-05-19/scripts/validation_profiles/veraPDF-validation-profiles-integration/PDF_A/2b/6.5 Action/6.5.1 General/verapdf-profile-6-5-1-t01.xml,1604,f82fd54351e0269e6cc4fc78533f206c229abd096fdb0397d928dd91f109a176
montefiore_pdfua_unified_v5_02_scripts_2026-05-19,montefiore_pdfua_unified_v5_02_scripts_2026-05-19/scripts/validation_profiles/veraPDF-validation-profiles-integration/PDF_A/2b/6.5 Action/6.5.1 General/verapdf-profile-6-5-1-t02.xml,1274,ca9132ae31a3826907e40599ba43b4eb1953b0ae13834d68db7e4d67cc56f71b
montefiore_pdfua_unified_v5_02_scripts_2026-05-19,montefiore_pdfua_unified_v5_02_scripts_2026-05-19/scripts/validation_profiles/veraPDF-validation-profiles-integration/PDF_A/2b/6.5 Action/6.5.2 Trigger events/verapdf-profile-6-5-2-t01.xml,1017,8f87321111fb43702c3d03005c61bda3fe6445c205d4c8bd0ee38431d58a1af0
montefiore_pdfua_unified_v5_02_scripts_2026-05-19,montefiore_pdfua_unified_v5_02_scripts_2026-05-19/scripts/validation_profiles/veraPDF-validation-profiles-integration/PDF_A/2b/6.5 Action/6.5.2 Trigger events/verapdf-profile-6-5-2-t02.xml,991,1f1141664c0e4aa0712b1b1abbb16a78caec367a8f34309e7e7cdca27a693235
montefiore_pdfua_unified_v5_02_scripts_2026-05-19,montefiore_pdfua_unified_v5_02_scripts_2026-05-19/scripts/validation_profiles/veraPDF-validation-profiles-integration/PDF_A/2b/6.6 Metadata/6.6.2 Metadata streams/6.6.2.1 General/verapdf-profile-6-6-2-1-t01.xml,1652,036a4ca49c82d5382bcaec6b2c247f7ff1eef523615d76baf534c632d5b3b70e
montefiore_pdfua_unified_v5_02_scripts_2026-05-19,montefiore_pdfua_unified_v5_02_scripts_2026-05-19/scripts/validation_profiles/veraPDF-validation-profiles-integration/PDF_A/2b/6.6 Metadata/6.6.2 Metadata streams/6.6.2.1 General/verapdf-profile-6-6-2-1-t02.xml,929,54d69eb723e54ffebb7eb7ed47e71b364d8208248c9bc245971dbb015c9c60ad
montefiore_pdfua_unified_v5_02_scripts_2026-05-19,montefiore_pdfua_unified_v5_02_scripts_2026-05-19/scripts/validation_profiles/veraPDF-validation-profiles-integration/PDF_A/2b/6.6 Metadata/6.6.2 Metadata streams/6.6.2.1 General/verapdf-profile-6-6-2-1-t03.xml,944,a7e0f6c97b0e95c94655257af7f19aad8de970a539065e5a27ed652377119f10
montefiore_pdfua_unified_v5_02_scripts_2026-05-19,montefiore_pdfua_unified_v5_02_scripts_2026-05-19/scripts/validation_profiles/veraPDF-validation-profiles-integration/PDF_A/2b/6.6 Metadata/6.6.2 Metadata streams/6.6.2.1 General/verapdf-profile-6-6-2-1-t04.xml,1705,38fe4220ed8f0a19ffed6fca3b93846971ff757bf756bd77b0b5696497247704
montefiore_pdfua_unified_v5_02_scripts_2026-05-19,montefiore_pdfua_unified_v5_02_scripts_2026-05-19/scripts/validation_profiles/veraPDF-validation-profiles-integration/PDF_A/2b/6.6 Metadata/6.6.2 Metadata streams/6.6.2.1 General/verapdf-profile-6-6-2-1-t05.xml,1324,4fbf80b39d7347d0b5e7519f7196252e5c84f043186d137a4f43a11768704b05
montefiore_pdfua_unified_v5_02_scripts_2026-05-19,montefiore_pdfua_unified_v5_02_scripts_2026-05-19/scripts/validation_profiles/veraPDF-validation-profiles-integration/PDF_A/2b/6.6 Metadata/6.6.2 Metadata streams/6.6.2.3 Schemas/6.6.2.3.1 General/verapdf-profile-6-6-2-3-1-t01.xml,1346,f8190bb2ec6849f2b4d877d6b44134c8922adf40fca1d7ca1971eb7ec8231938
montefiore_pdfua_unified_v5_02_scripts_2026-05-19,montefiore_pdfua_unified_v5_02_scripts_2026-05-19/scripts/validation_profiles/veraPDF-validation-profiles-integration/PDF_A/2b/6.6 Metadata/6.6.2 Metadata streams/6.6.2.3 Schemas/6.6.2.3.1 General/verapdf-profile-6-6-2-3-1-t02.xml,1304,aa03298bff31e744060829f67b721a2ba0e64c1dd4443ce22465adb42ded1607
montefiore_pdfua_unified_v5_02_scripts_2026-05-19,montefiore_pdfua_unified_v5_02_scripts_2026-05-19/scripts/validation_profiles/veraPDF-validation-profiles-integration/PDF_A/2b/6.6 Metadata/6.6.2 Metadata streams/6.6.2.3 Schemas/6.6.2.3.2 Extension schemas/verapdf-profile-6-6-2-3-2-t01.xml,1402,0bc3706ccd17846083fc76d248950e2556f00116759131fe18f783715a2c1847
montefiore_pdfua_unified_v5_02_scripts_2026-05-19,montefiore_pdfua_unified_v5_02_scripts_2026-05-19/scripts/validation_profiles/veraPDF-validation-profiles-integration/PDF_A/2b/6.6 Metadata/6.6.2 Metadata streams/6.6.2.3 Schemas/6.6.2.3.3 Extension schema container schemas/verapdf-profile-6-6-2-3-3-t01.xml,1570,ec13f87fabe306238fc14d9b2395f26ac1e7d3dac2a6b887f9a6edb3e98b4064
montefiore_pdfua_unified_v5_02_scripts_2026-05-19,montefiore_pdfua_unified_v5_02_scripts_2026-05-19/scripts/validation_profiles/veraPDF-validation-profiles-integration/PDF_A/2b/6.6 Metadata/6.6.2 Metadata streams/6.6.2.3 Schemas/6.6.2.3.3 Extension schema container schemas/verapdf-profile-6-6-2-3-3-t02.xml,1519,711746ceb551dc4af4e4383f7d6496d5b5705e39a1bafcf0bb938a4a5f2393b4
montefiore_pdfua_unified_v5_02_scripts_2026-05-19,montefiore_pdfua_unified_v5_02_scripts_2026-05-19/scripts/validation_profiles/veraPDF-validation-profiles-integration/PDF_A/2b/6.6 Metadata/6.6.2 Metadata streams/6.6.2.3 Schemas/6.6.2.3.3 Extension schema container schemas/verapdf-profile-6-6-2-3-3-t03.xml,1573,16b6b1f6d85137f1eba34b947f207dfbf055c9b0f53905f3f81a5703ba581baa
montefiore_pdfua_unified_v5_02_scripts_2026-05-19,montefiore_pdfua_unified_v5_02_scripts_2026-05-19/scripts/validation_profiles/veraPDF-validation-profiles-integration/PDF_A/2b/6.6 Metadata/6.6.2 Metadata streams/6.6.2.3 Schemas/6.6.2.3.3 Extension schema container schemas/verapdf-profile-6-6-2-3-3-t04.xml,1519,43ff12c031aae405a1aa6a3168dd07295497a207c07483dcb53070fdf099f063
montefiore_pdfua_unified_v5_02_scripts_2026-05-19,montefiore_pdfua_unified_v5_02_scripts_2026-05-19/scripts/validation_profiles/veraPDF-validation-profiles-integration/PDF_A/2b/6.6 Metadata/6.6.2 Metadata streams/6.6.2.3 Schemas/6.6.2.3.3 Extension schema container schemas/verapdf-profile-6-6-2-3-3-t05.xml,1527,683361e81bc9cb988dddaccfd51d0045099e6eb3d585a98fa94257b8bbc64b3e
montefiore_pdfua_unified_v5_02_scripts_2026-05-19,montefiore_pdfua_unified_v5_02_scripts_2026-05-19/scripts/validation_profiles/veraPDF-validation-profiles-integration/PDF_A/2b/6.6 Metadata/6.6.2 Metadata streams/6.6.2.3 Schemas/6.6.2.3.3 Extension schema container schemas/verapdf-profile-6-6-2-3-3-t06.xml,1541,1d0b8d9f9544aaceb744b54c4feb28bb45e4190e3942fc7dd301d27ecb619898
montefiore_pdfua_unified_v5_02_scripts_2026-05-19,montefiore_pdfua_unified_v5_02_scripts_2026-05-19/scripts/validation_profiles/veraPDF-validation-profiles-integration/PDF_A/2b/6.6 Metadata/6.6.2 Metadata streams/6.6.2.3 Schemas/6.6.2.3.3 Extension schema container schemas/verapdf-profile-6-6-2-3-3-t07.xml,1509,d4c54e55f121b446d0fa1d44a93dd96b5f6f2f3c8ad3c05ad29dfc1f5d43e500
montefiore_pdfua_unified_v5_02_scripts_2026-05-19,montefiore_pdfua_unified_v5_02_scripts_2026-05-19/scripts/validation_profiles/veraPDF-validation-profiles-integration/PDF_A/2b/6.6 Metadata/6.6.2 Metadata streams/6.6.2.3 Schemas/6.6.2.3.3 Extension schema container schemas/verapdf-profile-6-6-2-3-3-t08.xml,1861,cf50c3c00168a3f9d54c070291fdae9cbaaf19baa8144bd8702c579a97e55621
montefiore_pdfua_unified_v5_02_scripts_2026-05-19,montefiore_pdfua_unified_v5_02_scripts_2026-05-19/scripts/validation_profiles/veraPDF-validation-profiles-integration/PDF_A/2b/6.6 Metadata/6.6.2 Metadata streams/6.6.2.3 Schemas/6.6.2.3.3 Extension schema container schemas/verapdf-profile-6-6-2-3-3-t09.xml,1844,17ca02fc5baff9b726dcb94f4bfcd0ed7794a2feed1e0e799faf8e652789ca8f
montefiore_pdfua_unified_v5_02_scripts_2026-05-19,montefiore_pdfua_unified_v5_02_scripts_2026-05-19/scripts/validation_profiles/veraPDF-validation-profiles-integration/PDF_A/2b/6.6 Metadata/6.6.2 Metadata streams/6.6.2.3 Schemas/6.6.2.3.3 Extension schema container schemas/verapdf-profile-6-6-2-3-3-t10.xml,1580,9b91dbf595943598320aa00e3128e4441204a1d80a8d35c762e21d023990797b
montefiore_pdfua_unified_v5_02_scripts_2026-05-19,montefiore_pdfua_unified_v5_02_scripts_2026-05-19/scripts/validation_profiles/veraPDF-validation-profiles-integration/PDF_A/2b/6.6 Metadata/6.6.2 Metadata streams/6.6.2.3 Schemas/6.6.2.3.3 Extension schema container schemas/verapdf-profile-6-6-2-3-3-t11.xml,1504,57078d68d19fb3b14bbf808882ea25ba424ac6047358ca73ac38a7b4f245b304
montefiore_pdfua_unified_v5_02_scripts_2026-05-19,montefiore_pdfua_unified_v5_02_scripts_2026-05-19/scripts/validation_profiles/veraPDF-validation-profiles-integration/PDF_A/2b/6.6 Metadata/6.6.2 Metadata streams/6.6.2.3 Schemas/6.6.2.3.3 Extension schema container schemas/verapdf-profile-6-6-2-3-3-t12.xml,1578,7ac3c0225e1e4fd525367312879c12ca2067dbd98dc1202f7701a1462e8218b1
montefiore_pdfua_unified_v5_02_scripts_2026-05-19,montefiore_pdfua_unified_v5_02_scripts_2026-05-19/scripts/validation_profiles/veraPDF-validation-profiles-integration/PDF_A/2b/6.6 Metadata/6.6.2 Metadata streams/6.6.2.3 Schemas/6.6.2.3.3 Extension schema container schemas/verapdf-profile-6-6-2-3-3-t13.xml,1524,b9fb419e09969e543e44a72660e025cf4deb2bf20abcaa89f051622ec5741e4b
montefiore_pdfua_unified_v5_02_scripts_2026-05-19,montefiore_pdfua_unified_v5_02_scripts_2026-05-19/scripts/validation_profiles/veraPDF-validation-profiles-integration/PDF_A/2b/6.6 Metadata/6.6.2 Metadata streams/6.6.2.3 Schemas/6.6.2.3.3 Extension schema container schemas/verapdf-profile-6-6-2-3-3-t14.xml,1574,5d2612e8773ee5e727e4c38fa8635388bca6d3bb19f07a3be0355e2cded3a82c
montefiore_pdfua_unified_v5_02_scripts_2026-05-19,montefiore_pdfua_unified_v5_02_scripts_2026-05-19/scripts/validation_profiles/veraPDF-validation-profiles-integration/PDF_A/2b/6.6 Metadata/6.6.2 Metadata streams/6.6.2.3 Schemas/6.6.2.3.3 Extension schema container schemas/verapdf-profile-6-6-2-3-3-t15.xml,1490,e61d1b4f1b0201a8e0d8eac0d53706a66e469848a7edfb724d0ee75e1009477f
montefiore_pdfua_unified_v5_02_scripts_2026-05-19,montefiore_pdfua_unified_v5_02_scripts_2026-05-19/scripts/validation_profiles/veraPDF-validation-profiles-integration/PDF_A/2b/6.6 Metadata/6.6.2 Metadata streams/6.6.2.3 Schemas/6.6.2.3.3 Extension schema container schemas/verapdf-profile-6-6-2-3-3-t16.xml,1446,d05124b063a41496cb3b3118a4d04dd0f4a2479a41bccef6822756ccbca82ff4
montefiore_pdfua_unified_v5_02_scripts_2026-05-19,montefiore_pdfua_unified_v5_02_scripts_2026-05-19/scripts/validation_profiles/veraPDF-validation-profiles-integration/PDF_A/2b/6.6 Metadata/6.6.2 Metadata streams/6.6.2.3 Schemas/6.6.2.3.3 Extension schema container schemas/verapdf-profile-6-6-2-3-3-t17.xml,1770,0f8f5389ed4f1fb4d6449e96617d2910e44f15e28ca81fba92012768bd2098c5
montefiore_pdfua_unified_v5_02_scripts_2026-05-19,montefiore_pdfua_unified_v5_02_scripts_2026-05-19/scripts/validation_profiles/veraPDF-validation-profiles-integration/PDF_A/2b/6.6 Metadata/6.6.2 Metadata streams/6.6.2.3 Schemas/6.6.2.3.3 Extension schema container schemas/verapdf-profile-6-6-2-3-3-t18.xml,1516,ac82d540e99b045fb4183c65cb57a979633509736d35f1d367067025481002cb
montefiore_pdfua_unified_v5_02_scripts_2026-05-19,montefiore_pdfua_unified_v5_02_scripts_2026-05-19/scripts/validation_profiles/veraPDF-validation-profiles-integration/PDF_A/2b/6.6 Metadata/6.6.4 Version and conformance level identification/verapdf-profile-6-6-4-t01.xml,1128,8c03ea0ca47f48f3572237338256780d1d944ec94c6e9851da9a0487116f61be
montefiore_pdfua_unified_v5_02_scripts_2026-05-19,montefiore_pdfua_unified_v5_02_scripts_2026-05-19/scripts/validation_profiles/veraPDF-validation-profiles-integration/PDF_A/2b/6.6 Metadata/6.6.4 Version and conformance level identification/verapdf-profile-6-6-4-t02.xml,1174,ae8cb97015788649b0e761e18208873c950d2e6ad9872bd3b454a51b8cd8d1bc
montefiore_pdfua_unified_v5_02_scripts_2026-05-19,montefiore_pdfua_unified_v5_02_scripts_2026-05-19/scripts/validation_profiles/veraPDF-validation-profiles-integration/PDF_A/2b/6.6 Metadata/6.6.4 Version and conformance level identification/verapdf-profile-6-6-4-t03.xml,1652,495e36a6afbf7f2068ec53a6f079917b61ae41888e2b347a399fcece1b26df06
montefiore_pdfua_unified_v5_02_scripts_2026-05-19,montefiore_pdfua_unified_v5_02_scripts_2026-05-19/scripts/validation_profiles/veraPDF-validation-profiles-integration/PDF_A/2b/6.6 Metadata/6.6.4 Version and conformance level identification/verapdf-profile-6-6-4-t04.xml,1248,9f00250ab8ec839f587e4f8076d153de3aac93fa757cc00d0b384bad2b8aecaa
montefiore_pdfua_unified_v5_02_scripts_2026-05-19,montefiore_pdfua_unified_v5_02_scripts_2026-05-19/scripts/validation_profiles/veraPDF-validation-profiles-integration/PDF_A/2b/6.6 Metadata/6.6.4 Version and conformance level identification/verapdf-profile-6-6-4-t05.xml,1297,88ecd349c1261205cf44827b29d39b82d9eb6969379c21e9ae9e16303cb3af4e
montefiore_pdfua_unified_v5_02_scripts_2026-05-19,montefiore_pdfua_unified_v5_02_scripts_2026-05-19/scripts/validation_profiles/veraPDF-validation-profiles-integration/PDF_A/2b/6.6 Metadata/6.6.4 Version and conformance level identification/verapdf-profile-6-6-4-t06.xml,1241,1cebbf0c5e4762728d054d4f0ca8abb1a23a7fe81082b8d92901c83825621628
montefiore_pdfua_unified_v5_02_scripts_2026-05-19,montefiore_pdfua_unified_v5_02_scripts_2026-05-19/scripts/validation_profiles/veraPDF-validation-profiles-integration/PDF_A/2b/6.6 Metadata/6.6.4 Version and conformance level identification/verapdf-profile-6-6-4-t07.xml,1248,c115e148ce35e49bd48206cc33197d1242cf027b9498fcd70adb8a97545de8dd
montefiore_pdfua_unified_v5_02_scripts_2026-05-19,montefiore_pdfua_unified_v5_02_scripts_2026-05-19/scripts/validation_profiles/veraPDF-validation-profiles-integration/PDF_A/2b/6.8 Embedded files/verapdf-profile-6-8-t02.xml,1218,e4822153eb39e6bf8494d48bebd2959845e36f1ded6085473daac26739734308
montefiore_pdfua_unified_v5_02_scripts_2026-05-19,montefiore_pdfua_unified_v5_02_scripts_2026-05-19/scripts/validation_profiles/veraPDF-validation-profiles-integration/PDF_A/2b/6.8 Embedded files/verapdf-profile-6-8-t05.xml,1208,b36b3652c76f1ae38ee6aefed2b71f5a33ee552d31af225ddf0fd1151762cccf
montefiore_pdfua_unified_v5_02_scripts_2026-05-19,montefiore_pdfua_unified_v5_02_scripts_2026-05-19/scripts/validation_profiles/veraPDF-validation-profiles-integration/PDF_A/2b/6.9 Optional content/verapdf-profile-6-9-t01.xml,1295,9493e316e325baccc36d31aee4887f15f6ed4f717cdabd4981636810f03e12ca
montefiore_pdfua_unified_v5_02_scripts_2026-05-19,montefiore_pdfua_unified_v5_02_scripts_2026-05-19/scripts/validation_profiles/veraPDF-validation-profiles-integration/PDF_A/2b/6.9 Optional content/verapdf-profile-6-9-t02.xml,1275,99476933f7d07d9b23d3d606a5cfe11487c5570708926a87e6c9f77cfaf7b9da
montefiore_pdfua_unified_v5_02_scripts_2026-05-19,montefiore_pdfua_unified_v5_02_scripts_2026-05-19/scripts/validation_profiles/veraPDF-validation-profiles-integration/PDF_A/2b/6.9 Optional content/verapdf-profile-6-9-t03.xml,1330,52d57b9c01bc7f0a24b69741229e5a4d91c40d7d5b4b3dded5d74d8eaa7370de
montefiore_pdfua_unified_v5_02_scripts_2026-05-19,montefiore_pdfua_unified_v5_02_scripts_2026-05-19/scripts/validation_profiles/veraPDF-validation-profiles-integration/PDF_A/2b/6.9 Optional content/verapdf-profile-6-9-t04.xml,960,7df28e34d6b66ba51f8278b1c58ca22641b9d89706a6d787869e4e44b8bb6d2e
montefiore_pdfua_unified_v5_02_scripts_2026-05-19,montefiore_pdfua_unified_v5_02_scripts_2026-05-19/scripts/validation_profiles/veraPDF-validation-profiles-integration/PDF_A/2u/6.2 Graphics/6.2.11 Fonts/6.2.11.7 Unicode character maps/6.2.11.7.2 Level A and Level U conformance/verapdf-profile-6-2-11-7-2-t01.xml,1317,1a8f4686f266217953f40aa534973fddbdb1b12e18cf0cacf5e179ec0dd602fb
montefiore_pdfua_unified_v5_02_scripts_2026-05-19,montefiore_pdfua_unified_v5_02_scripts_2026-05-19/scripts/validation_profiles/veraPDF-validation-profiles-integration/PDF_A/2u/6.2 Graphics/6.2.11 Fonts/6.2.11.7 Unicode character maps/6.2.11.7.2 Level A and Level U conformance/verapdf-profile-6-2-11-7-2-t02.xml,1259,59d6c0ec8b1902a0bc099b8215456a1f285a726b12c71a36b926b1d9604c8175
montefiore_pdfua_unified_v5_02_scripts_2026-05-19,montefiore_pdfua_unified_v5_02_scripts_2026-05-19/scripts/validation_profiles/veraPDF-validation-profiles-integration/PDF_A/2u/6.6 Metadata/6.6.4 Version and conformance level identification/verapdf-profile-6-6-4-t03.xml,1620,65ad3f0202346a553b57edd0d99d2d293ec4a44411000aaa205e8a5bd4f13fee
montefiore_pdfua_unified_v5_02_scripts_2026-05-19,montefiore_pdfua_unified_v5_02_scripts_2026-05-19/scripts/validation_profiles/veraPDF-validation-profiles-integration/PDF_A/3a/6.6 Metadata/6.6.4 Version and conformance level identification/verapdf-profile-6-6-4-t03.xml,1588,cee9e693cbb2c76614c053a882fac344729f63a2402aa8e3ec82693e55eb512b
montefiore_pdfua_unified_v5_02_scripts_2026-05-19,montefiore_pdfua_unified_v5_02_scripts_2026-05-19/scripts/validation_profiles/veraPDF-validation-profiles-integration/PDF_A/3b/6.2 Graphics/6.2.11 Fonts/6.2.11.6 Character encodings/verapdf-profile-6-2-11-6-t02.xml,2714,2f00cb0e0efb6812b8aeaf39f9ec0df74349647c78e430d9dec940459fa53f1c
montefiore_pdfua_unified_v5_02_scripts_2026-05-19,montefiore_pdfua_unified_v5_02_scripts_2026-05-19/scripts/validation_profiles/veraPDF-validation-profiles-integration/PDF_A/3b/6.6 Metadata/6.6.4 Version and conformance level identification/verapdf-profile-6-6-4-t02.xml,1174,7d2381d6583aa4f68276c5370b55e92a50a54d9b0a62662d2748c17b2d7382cc
montefiore_pdfua_unified_v5_02_scripts_2026-05-19,montefiore_pdfua_unified_v5_02_scripts_2026-05-19/scripts/validation_profiles/veraPDF-validation-profiles-integration/PDF_A/3b/6.6 Metadata/6.6.4 Version and conformance level identification/verapdf-profile-6-6-4-t03.xml,1559,b2bb01f78da7f184d5090d25cf589bc5068889547538658fdc408cdce56123f4
montefiore_pdfua_unified_v5_02_scripts_2026-05-19,montefiore_pdfua_unified_v5_02_scripts_2026-05-19/scripts/validation_profiles/veraPDF-validation-profiles-integration/PDF_A/3b/6.8 Embedded files/verapdf-profile-6-8-t01.xml,1377,ed9f8dba43f6af3d8e8f2c166a9168441abba7bc7c9f5689b9d257573728bf50
montefiore_pdfua_unified_v5_02_scripts_2026-05-19,montefiore_pdfua_unified_v5_02_scripts_2026-05-19/scripts/validation_profiles/veraPDF-validation-profiles-integration/PDF_A/3b/6.8 Embedded files/verapdf-profile-6-8-t03.xml,1275,54c9fb328ce5465db043eaf0ea70fdacb40d8cbd8ee3ffc4c86abbe1ccb0c6be
montefiore_pdfua_unified_v5_02_scripts_2026-05-19,montefiore_pdfua_unified_v5_02_scripts_2026-05-19/scripts/validation_profiles/veraPDF-validation-profiles-integration/PDF_A/3b/6.8 Embedded files/verapdf-profile-6-8-t04.xml,1385,a1963fdf23fff002e1096de3e0540ccf3423921a3db534cbf4a4951994868f36
montefiore_pdfua_unified_v5_02_scripts_2026-05-19,montefiore_pdfua_unified_v5_02_scripts_2026-05-19/scripts/validation_profiles/veraPDF-validation-profiles-integration/PDF_A/3u/6.6 Metadata/6.6.4 Version and conformance level identification/verapdf-profile-6-6-4-t03.xml,1620,2678ed4894807b36aafd70a77573389d404791f54a306a23a3ccb13a7a55fa21
montefiore_pdfua_unified_v5_02_scripts_2026-05-19,montefiore_pdfua_unified_v5_02_scripts_2026-05-19/scripts/validation_profiles/veraPDF-validation-profiles-integration/PDF_A/4/6.1 File structure/6.1.11 Permissions/verapdf-profile-6-1-11-t01.xml,1427,5b34fbe08de6df8fdf12d839931bd56d7915c2033b8f553cc091e837d50bf8dc
montefiore_pdfua_unified_v5_02_scripts_2026-05-19,montefiore_pdfua_unified_v5_02_scripts_2026-05-19/scripts/validation_profiles/veraPDF-validation-profiles-integration/PDF_A/4/6.1 File structure/6.1.12 Document catalog dictionary/verapdf-profile-6-1-12-t01.xml,1694,f1a609339a9c5ec7e8c8075371da12aa5b29bcfcee9cb295b65cd96ba54af270
montefiore_pdfua_unified_v5_02_scripts_2026-05-19,montefiore_pdfua_unified_v5_02_scripts_2026-05-19/scripts/validation_profiles/veraPDF-validation-profiles-integration/PDF_A/4/6.1 File structure/6.1.2 File header/verapdf-profile-6-1-2-t01.xml,1446,6574de45ebd702577dc05e2f55855c1e936fa116cd36c88e154d36467666bc9e
montefiore_pdfua_unified_v5_02_scripts_2026-05-19,montefiore_pdfua_unified_v5_02_scripts_2026-05-19/scripts/validation_profiles/veraPDF-validation-profiles-integration/PDF_A/4/6.1 File structure/6.1.2 File header/verapdf-profile-6-1-2-t02.xml,1648,2275ed4f75007654a678d254fc4d3cdbd21563f7d8d8ba3a407ecab1bcd7df29
montefiore_pdfua_unified_v5_02_scripts_2026-05-19,montefiore_pdfua_unified_v5_02_scripts_2026-05-19/scripts/validation_profiles/veraPDF-validation-profiles-integration/PDF_A/4/6.1 File structure/6.1.3 File trailer/verapdf-profile-6-1-3-t01.xml,1099,dc384fc82d4cb47a447e0e47054f83527c1354624d6b484674509739e185c626
montefiore_pdfua_unified_v5_02_scripts_2026-05-19,montefiore_pdfua_unified_v5_02_scripts_2026-05-19/scripts/validation_profiles/veraPDF-validation-profiles-integration/PDF_A/4/6.1 File structure/6.1.3 File trailer/verapdf-profile-6-1-3-t02.xml,926,f649ab1c4dd6b6fe82a56929cd7c9e446337f33494a8affce98cff39e593a64f
montefiore_pdfua_unified_v5_02_scripts_2026-05-19,montefiore_pdfua_unified_v5_02_scripts_2026-05-19/scripts/validation_profiles/veraPDF-validation-profiles-integration/PDF_A/4/6.1 File structure/6.1.3 File trailer/verapdf-profile-6-1-3-t03.xml,1174,4ebafa657a8b17537fc485414e09214e089fa7944e4fb2d98bc8bd3e2b12f0d8
montefiore_pdfua_unified_v5_02_scripts_2026-05-19,montefiore_pdfua_unified_v5_02_scripts_2026-05-19/scripts/validation_profiles/veraPDF-validation-profiles-integration/PDF_A/4/6.1 File structure/6.1.3 File trailer/verapdf-profile-6-1-3-t04.xml,1222,21e2e7f0b976fe0a4da4e7759b8bea6ca5cc4dd80c6d28d7aa3140becf4f9e6f
montefiore_pdfua_unified_v5_02_scripts_2026-05-19,montefiore_pdfua_unified_v5_02_scripts_2026-05-19/scripts/validation_profiles/veraPDF-validation-profiles-integration/PDF_A/4/6.1 File structure/6.1.3 File trailer/verapdf-profile-6-1-3-t05.xml,1170,10761fb6eaabaeac981c2a8715254baf1d561bed27b5a2493a637f6fe2b8f6bd
montefiore_pdfua_unified_v5_02_scripts_2026-05-19,montefiore_pdfua_unified_v5_02_scripts_2026-05-19/scripts/validation_profiles/veraPDF-validation-profiles-integration/PDF_A/4/6.1 File structure/6.1.4 Cross reference table/verapdf-profile-6-1-4-t01.xml,1067,7a9363852e7a4aa2557506746700c900d5eb0a26cd644e7d690da976ebcf398b
montefiore_pdfua_unified_v5_02_scripts_2026-05-19,montefiore_pdfua_unified_v5_02_scripts_2026-05-19/scripts/validation_profiles/veraPDF-validation-profiles-integration/PDF_A/4/6.1 File structure/6.1.5 String objects/verapdf-profile-6-1-5-t01.xml,1094,4c5fde2888ccf8fb8979ae16ceec32a48b2ba95a2f6652914e7b00ae4972dfb1
montefiore_pdfua_unified_v5_02_scripts_2026-05-19,montefiore_pdfua_unified_v5_02_scripts_2026-05-19/scripts/validation_profiles/veraPDF-validation-profiles-integration/PDF_A/4/6.1 File structure/6.1.5 String objects/verapdf-profile-6-1-5-t02.xml,1082,2e418988ad8804745d2c9385291e9c2e24dc7aa16ed727475fdc013f23ed7407
montefiore_pdfua_unified_v5_02_scripts_2026-05-19,montefiore_pdfua_unified_v5_02_scripts_2026-05-19/scripts/validation_profiles/veraPDF-validation-profiles-integration/PDF_A/4/6.1 File structure/6.1.6 Stream objects/6.1.6.1 General/verapdf-profile-6-1-6-1-t01.xml,1498,6c7616e2fc3b11b65b4f0811aefb505e93319e6c4216e309c889979ad681dce8
montefiore_pdfua_unified_v5_02_scripts_2026-05-19,montefiore_pdfua_unified_v5_02_scripts_2026-05-19/scripts/validation_profiles/veraPDF-validation-profiles-integration/PDF_A/4/6.1 File structure/6.1.6 Stream objects/6.1.6.1 General/verapdf-profile-6-1-6-1-t02.xml,1208,5f662be997d8a1d608559acfe982303407812f7045c40fbcc6bdc42cbd1cb0e1
montefiore_pdfua_unified_v5_02_scripts_2026-05-19,montefiore_pdfua_unified_v5_02_scripts_2026-05-19/scripts/validation_profiles/veraPDF-validation-profiles-integration/PDF_A/4/6.1 File structure/6.1.6 Stream objects/6.1.6.2 Filters/verapdf-profile-6-1-6-2-t01.xml,2324,f46b2ec7280906d3006a2860b0497dbba9c258ba64e1156bd782a7125395e6a7
montefiore_pdfua_unified_v5_02_scripts_2026-05-19,montefiore_pdfua_unified_v5_02_scripts_2026-05-19/scripts/validation_profiles/veraPDF-validation-profiles-integration/PDF_A/4/6.1 File structure/6.1.7 Name objects/verapdf-profile-6-1-7-t01.xml,1449,d3700acbaf68343610c65b101136b46bab6d99bc5d94ea24376b823050b6b460
montefiore_pdfua_unified_v5_02_scripts_2026-05-19,montefiore_pdfua_unified_v5_02_scripts_2026-05-19/scripts/validation_profiles/veraPDF-validation-profiles-integration/PDF_A/4/6.1 File structure/6.1.8 Indirect objects/verapdf-profile-6-1-8-t01.xml,1548,5f267c364a5fdc0196dcc7bfd14395d6ad800dd5bfa873304fba155b8fb38cea
montefiore_pdfua_unified_v5_02_scripts_2026-05-19,montefiore_pdfua_unified_v5_02_scripts_2026-05-19/scripts/validation_profiles/veraPDF-validation-profiles-integration/PDF_A/4/6.1 File structure/6.1.9 Inline image dictionaries/verapdf-profile-6-1-9-t01.xml,2048,ec69997fd49d5c65dad5c872a1cff8eb838c62384512780c3b9a8f0601630450
montefiore_pdfua_unified_v5_02_scripts_2026-05-19,montefiore_pdfua_unified_v5_02_scripts_2026-05-19/scripts/validation_profiles/veraPDF-validation-profiles-integration/PDF_A/4/6.10 Optional content/verapdf-profile-6-10-t01.xml,1257,fa8f8079b75ccb01d605288f3fffb97e9d2152893496a2cfe788879a860390c4
montefiore_pdfua_unified_v5_02_scripts_2026-05-19,montefiore_pdfua_unified_v5_02_scripts_2026-05-19/scripts/validation_profiles/veraPDF-validation-profiles-integration/PDF_A/4/6.10 Optional content/verapdf-profile-6-10-t02.xml,1275,75ceca7215908161c80dae03dafb1ee3f2bad60a6e6d57a00de091a92ba78aae
montefiore_pdfua_unified_v5_02_scripts_2026-05-19,montefiore_pdfua_unified_v5_02_scripts_2026-05-19/scripts/validation_profiles/veraPDF-validation-profiles-integration/PDF_A/4/6.10 Optional content/verapdf-profile-6-10-t03.xml,1330,0427fbc17d3449d18394b7085a5419d5df02c3800eb5299c128cdda9425a88ac
montefiore_pdfua_unified_v5_02_scripts_2026-05-19,montefiore_pdfua_unified_v5_02_scripts_2026-05-19/scripts/validation_profiles/veraPDF-validation-profiles-integration/PDF_A/4/6.11 Use of alternate presentations and transitions/verapdf-profile-6-11-t01.xml,1049,1c6369495769587cc5da38351efa2c1416e502fe75653894938490c4820d0b2b
montefiore_pdfua_unified_v5_02_scripts_2026-05-19,montefiore_pdfua_unified_v5_02_scripts_2026-05-19/scripts/validation_profiles/veraPDF-validation-profiles-integration/PDF_A/4/6.11 Use of alternate presentations and transitions/verapdf-profile-6-11-t02.xml,945,021db45b0848a75e29aef109281c57d6f7002111209180cb2fd3cfabae4fd5e9
montefiore_pdfua_unified_v5_02_scripts_2026-05-19,montefiore_pdfua_unified_v5_02_scripts_2026-05-19/scripts/validation_profiles/veraPDF-validation-profiles-integration/PDF_A/4/6.12 Document requirements/verapdf-profile-6-12-t01.xml,917,c840e6da694832c0d685c91dc3768a35754f59d0730e97dffa45e06431085504
montefiore_pdfua_unified_v5_02_scripts_2026-05-19,montefiore_pdfua_unified_v5_02_scripts_2026-05-19/scripts/validation_profiles/veraPDF-validation-profiles-integration/PDF_A/4/6.2 Graphics/6.2.10 Fonts/6.2.10.2 Font types/verapdf-profile-6-2-10-2-t01.xml,1988,87037edb4a21343c6c9f4689742c8bc2955264118ade1cf60fa2391183e905a8
montefiore_pdfua_unified_v5_02_scripts_2026-05-19,montefiore_pdfua_unified_v5_02_scripts_2026-05-19/scripts/validation_profiles/veraPDF-validation-profiles-integration/PDF_A/4/6.2 Graphics/6.2.10 Fonts/6.2.10.2 Font types/verapdf-profile-6-2-10-2-t02.xml,2779,7e02f555e6564004302e09fff6f30f618845f5aa93aee4c0a58c7a8d23862938
montefiore_pdfua_unified_v5_02_scripts_2026-05-19,montefiore_pdfua_unified_v5_02_scripts_2026-05-19/scripts/validation_profiles/veraPDF-validation-profiles-integration/PDF_A/4/6.2 Graphics/6.2.10 Fonts/6.2.10.2 Font types/verapdf-profile-6-2-10-2-t03.xml,1733,835ec257935d29ff2d4ed069a59f498098a3cf5e74c957fac1f0a435d09e3a5f
montefiore_pdfua_unified_v5_02_scripts_2026-05-19,montefiore_pdfua_unified_v5_02_scripts_2026-05-19/scripts/validation_profiles/veraPDF-validation-profiles-integration/PDF_A/4/6.2 Graphics/6.2.10 Fonts/6.2.10.2 Font types/verapdf-profile-6-2-10-2-t04.xml,1798,50051e63e213e4a8e7cd46daa07f5f4d23056c08bd845b3fcae6faa23e1670c1
montefiore_pdfua_unified_v5_02_scripts_2026-05-19,montefiore_pdfua_unified_v5_02_scripts_2026-05-19/scripts/validation_profiles/veraPDF-validation-profiles-integration/PDF_A/4/6.2 Graphics/6.2.10 Fonts/6.2.10.2 Font types/verapdf-profile-6-2-10-2-t05.xml,1791,c1e0131380dd3a9a2f9e6186b5efd633067c418f8fa9e151b5e386dd7a1db90f
montefiore_pdfua_unified_v5_02_scripts_2026-05-19,montefiore_pdfua_unified_v5_02_scripts_2026-05-19/scripts/validation_profiles/veraPDF-validation-profiles-integration/PDF_A/4/6.2 Graphics/6.2.10 Fonts/6.2.10.2 Font types/verapdf-profile-6-2-10-2-t06.xml,2007,c12ca6c2517298da8b0273d6f041ba1172c83ab0f12015096b91a8ba1522c212
montefiore_pdfua_unified_v5_02_scripts_2026-05-19,montefiore_pdfua_unified_v5_02_scripts_2026-05-19/scripts/validation_profiles/veraPDF-validation-profiles-integration/PDF_A/4/6.2 Graphics/6.2.10 Fonts/6.2.10.2 Font types/verapdf-profile-6-2-10-2-t07.xml,2346,c6af88497aaa72a63f72295f6926753b60bdd95ccc6c89d1b7d14640a5377f7a
montefiore_pdfua_unified_v5_02_scripts_2026-05-19,montefiore_pdfua_unified_v5_02_scripts_2026-05-19/scripts/validation_profiles/veraPDF-validation-profiles-integration/PDF_A/4/6.2 Graphics/6.2.10 Fonts/6.2.10.3 Composite fonts/6.2.10.3.1 General/verapdf-profile-6-2-10-3-1-t01.xml,3375,2239ea3da6dc73ce80eee115658b839d1ee75d87c86a9be82190754580b98b5d
montefiore_pdfua_unified_v5_02_scripts_2026-05-19,montefiore_pdfua_unified_v5_02_scripts_2026-05-19/scripts/validation_profiles/veraPDF-validation-profiles-integration/PDF_A/4/6.2 Graphics/6.2.10 Fonts/6.2.10.3 Composite fonts/6.2.10.3.2 CIDFonts/verapdf-profile-6-2-10-3-2-t01.xml,1612,a5123e3b9e87074185cec481181a1cfb6b487f35b81fb8eb30dd96ae2de36d3b
montefiore_pdfua_unified_v5_02_scripts_2026-05-19,montefiore_pdfua_unified_v5_02_scripts_2026-05-19/scripts/validation_profiles/veraPDF-validation-profiles-integration/PDF_A/4/6.2 Graphics/6.2.10 Fonts/6.2.10.3 Composite fonts/6.2.10.3.3 CMaps/verapdf-profile-6-2-10-3-3-t01.xml,3786,0b21eba2e4941e1369e88316c911c0a6a00a5459da1bd5de9f9914c39265a9e8
montefiore_pdfua_unified_v5_02_scripts_2026-05-19,montefiore_pdfua_unified_v5_02_scripts_2026-05-19/scripts/validation_profiles/veraPDF-validation-profiles-integration/PDF_A/4/6.2 Graphics/6.2.10 Fonts/6.2.10.3 Composite fonts/6.2.10.3.3 CMaps/verapdf-profile-6-2-10-3-3-t02.xml,1344,7cafd1ab004c955b86ca96ec4f566dd5bbb9f3902600b536f821e4cbd0c59ab3
montefiore_pdfua_unified_v5_02_scripts_2026-05-19,montefiore_pdfua_unified_v5_02_scripts_2026-05-19/scripts/validation_profiles/veraPDF-validation-profiles-integration/PDF_A/4/6.2 Graphics/6.2.10 Fonts/6.2.10.3 Composite fonts/6.2.10.3.3 CMaps/verapdf-profile-6-2-10-3-3-t03.xml,3587,ee2594d684434b2cb753ab882f886aeed196384da8a1fbdd3bb108f01c0546e9
montefiore_pdfua_unified_v5_02_scripts_2026-05-19,montefiore_pdfua_unified_v5_02_scripts_2026-05-19/scripts/validation_profiles/veraPDF-validation-profiles-integration/PDF_A/4/6.2 Graphics/6.2.10 Fonts/6.2.10.4 Embedding/6.2.10.4.1 General/verapdf-profile-6-2-10-4-1-t01.xml,1311,77fd0179477c3590c1bbc7be19f33b28a24351f602aab0acf20cd86cb2b5b778
montefiore_pdfua_unified_v5_02_scripts_2026-05-19,montefiore_pdfua_unified_v5_02_scripts_2026-05-19/scripts/validation_profiles/veraPDF-validation-profiles-integration/PDF_A/4/6.2 Graphics/6.2.10 Fonts/6.2.10.4 Embedding/6.2.10.4.1 General/verapdf-profile-6-2-10-4-1-t02.xml,1999,6e0a99599c168a482345ac5fc50fb129029f4aa3c6ec9b4370a627ad7974c544
montefiore_pdfua_unified_v5_02_scripts_2026-05-19,montefiore_pdfua_unified_v5_02_scripts_2026-05-19/scripts/validation_profiles/veraPDF-validation-profiles-integration/PDF_A/4/6.2 Graphics/6.2.10 Fonts/6.2.10.5 Font metrics/verapdf-profile-6-2-10-5-t01.xml,1778,e0d5c217314daf55f85e27ce599c7e70b559bb1540ca6bb44beda72d3d560896
montefiore_pdfua_unified_v5_02_scripts_2026-05-19,montefiore_pdfua_unified_v5_02_scripts_2026-05-19/scripts/validation_profiles/veraPDF-validation-profiles-integration/PDF_A/4/6.2 Graphics/6.2.10 Fonts/6.2.10.6 Character encodings/verapdf-profile-6-2-10-6-t01.xml,1748,e1775a899a187fcd7437f160f2b650f0ca2a67846c779eeadfafa113ab0740f0
montefiore_pdfua_unified_v5_02_scripts_2026-05-19,montefiore_pdfua_unified_v5_02_scripts_2026-05-19/scripts/validation_profiles/veraPDF-validation-profiles-integration/PDF_A/4/6.2 Graphics/6.2.10 Fonts/6.2.10.6 Character encodings/verapdf-profile-6-2-10-6-t02.xml,2720,0b19f5dc409bd6667a335b7f3f4845d7a194ed24be406966272884ac6d8daf5b
montefiore_pdfua_unified_v5_02_scripts_2026-05-19,montefiore_pdfua_unified_v5_02_scripts_2026-05-19/scripts/validation_profiles/veraPDF-validation-profiles-integration/PDF_A/4/6.2 Graphics/6.2.10 Fonts/6.2.10.6 Character encodings/verapdf-profile-6-2-10-6-t03.xml,1052,4233cd67a7ed6786928da4fd1077bcf8f319727d5e9f9da9899e9613644e798a
montefiore_pdfua_unified_v5_02_scripts_2026-05-19,montefiore_pdfua_unified_v5_02_scripts_2026-05-19/scripts/validation_profiles/veraPDF-validation-profiles-integration/PDF_A/4/6.2 Graphics/6.2.10 Fonts/6.2.10.6 Character encodings/verapdf-profile-6-2-10-6-t04.xml,1587,721b77d8c9eb5f02cf6fb1541c6466bd587c78b782db3010dbd0e2f556640435
montefiore_pdfua_unified_v5_02_scripts_2026-05-19,montefiore_pdfua_unified_v5_02_scripts_2026-05-19/scripts/validation_profiles/veraPDF-validation-profiles-integration/PDF_A/4/6.2 Graphics/6.2.10 Fonts/6.2.10.7 Unicode character maps/verapdf-profile-6-2-10-7-t01.xml,1315,2ea0ba3d08286aeda0c1a65617e5dd005222f7f1233b78c001bdeabeab7b7b0d
montefiore_pdfua_unified_v5_02_scripts_2026-05-19,montefiore_pdfua_unified_v5_02_scripts_2026-05-19/scripts/validation_profiles/veraPDF-validation-profiles-integration/PDF_A/4/6.2 Graphics/6.2.10 Fonts/6.2.10.8 Use of ActualText/verapdf-profile-6-2-10-8-t01.xml,948,2d837a96590a796009fc66d2f2edc173c39272b0084812152ec4cf37f448584a
montefiore_pdfua_unified_v5_02_scripts_2026-05-19,montefiore_pdfua_unified_v5_02_scripts_2026-05-19/scripts/validation_profiles/veraPDF-validation-profiles-integration/PDF_A/4/6.2 Graphics/6.2.10 Fonts/6.2.10.9 Use of .notdef glyph/verapdf-profile-6-2-10-9-t01.xml,1182,8c265c5fea50200459fc29819e75e1a516c0e69c6dd8d662436b580d99ccb9f3
montefiore_pdfua_unified_v5_02_scripts_2026-05-19,montefiore_pdfua_unified_v5_02_scripts_2026-05-19/scripts/validation_profiles/veraPDF-validation-profiles-integration/PDF_A/4/6.2 Graphics/6.2.2 Content streams/verapdf-profile-6-2-2-t01.xml,1183,3cfab9ac3b8f936305d3b0fa2d5a535356fff571b6088574a36ea9a2c7a0647a
montefiore_pdfua_unified_v5_02_scripts_2026-05-19,montefiore_pdfua_unified_v5_02_scripts_2026-05-19/scripts/validation_profiles/veraPDF-validation-profiles-integration/PDF_A/4/6.2 Graphics/6.2.2 Content streams/verapdf-profile-6-2-2-t02.xml,1820,41ae38bae70e3c4f47359e994faa233b8d720c58c85a4c3b7b24528b1b42f8fe
montefiore_pdfua_unified_v5_02_scripts_2026-05-19,montefiore_pdfua_unified_v5_02_scripts_2026-05-19/scripts/validation_profiles/veraPDF-validation-profiles-integration/PDF_A/4/6.2 Graphics/6.2.2 Content streams/verapdf-profile-6-2-2-t03.xml,1555,551753d28215eef8d3e89d3591c9ba0e2ce683113c160c99e4642311e8e35de7
montefiore_pdfua_unified_v5_02_scripts_2026-05-19,montefiore_pdfua_unified_v5_02_scripts_2026-05-19/scripts/validation_profiles/veraPDF-validation-profiles-integration/PDF_A/4/6.2 Graphics/6.2.3 Output intent/verapdf-profile-6-2-3-t01.xml,1963,37834672ce0b0ba4159fb3b5c64c8992b26c14a8164efaea40faa20df6e01966
montefiore_pdfua_unified_v5_02_scripts_2026-05-19,montefiore_pdfua_unified_v5_02_scripts_2026-05-19/scripts/validation_profiles/veraPDF-validation-profiles-integration/PDF_A/4/6.2 Graphics/6.2.3 Output intent/verapdf-profile-6-2-3-t02.xml,1679,30dbd9a04a23e0870ca38a24ad935da92ba12274e559cca895736ba1aa7c7b74
montefiore_pdfua_unified_v5_02_scripts_2026-05-19,montefiore_pdfua_unified_v5_02_scripts_2026-05-19/scripts/validation_profiles/veraPDF-validation-profiles-integration/PDF_A/4/6.2 Graphics/6.2.3 Output intent/verapdf-profile-6-2-3-t03.xml,1249,4af1b7519f1863be5a02826c4c0e2d9a45e426d4a7e9ef64d0073964296fdcbf
montefiore_pdfua_unified_v5_02_scripts_2026-05-19,montefiore_pdfua_unified_v5_02_scripts_2026-05-19/scripts/validation_profiles/veraPDF-validation-profiles-integration/PDF_A/4/6.2 Graphics/6.2.4 Colour spaces/6.2.4.2 ICCBased colour spaces/verapdf-profile-6-2-4-2-t01.xml,1707,c6a6115549c42c4764eb9a7248515e568289408b21f1c9ed02150cfcf980527a
montefiore_pdfua_unified_v5_02_scripts_2026-05-19,montefiore_pdfua_unified_v5_02_scripts_2026-05-19/scripts/validation_profiles/veraPDF-validation-profiles-integration/PDF_A/4/6.2 Graphics/6.2.4 Colour spaces/6.2.4.2 ICCBased colour spaces/verapdf-profile-6-2-4-2-t02.xml,1673,c17efda022a3bedcd7a94e4ac334a25da6d9362da134664426224eed4885527b
montefiore_pdfua_unified_v5_02_scripts_2026-05-19,montefiore_pdfua_unified_v5_02_scripts_2026-05-19/scripts/validation_profiles/veraPDF-validation-profiles-integration/PDF_A/4/6.2 Graphics/6.2.4 Colour spaces/6.2.4.2 ICCBased colour spaces/verapdf-profile-6-2-4-2-t03.xml,2043,5fa45a8b37e9b291af104dcac809c786221b9b430fc5ac3829479cb0cc543b17
montefiore_pdfua_unified_v5_02_scripts_2026-05-19,montefiore_pdfua_unified_v5_02_scripts_2026-05-19/scripts/validation_profiles/veraPDF-validation-profiles-integration/PDF_A/4/6.2 Graphics/6.2.4 Colour spaces/6.2.4.3 Uncalibrated Device colour spaces/verapdf-profile-6-2-4-3-t02.xml,2477,be948d236510ce1fbfefb9ad2c7b51ba48b345760bd709deffc665c2301dbdfb
montefiore_pdfua_unified_v5_02_scripts_2026-05-19,montefiore_pdfua_unified_v5_02_scripts_2026-05-19/scripts/validation_profiles/veraPDF-validation-profiles-integration/PDF_A/4/6.2 Graphics/6.2.4 Colour spaces/6.2.4.3 Uncalibrated Device colour spaces/verapdf-profile-6-2-4-3-t03.xml,2445,07cd6e11818606af275e30e89127efe0ef8bbeea4056696a97c99ce39f905873
montefiore_pdfua_unified_v5_02_scripts_2026-05-19,montefiore_pdfua_unified_v5_02_scripts_2026-05-19/scripts/validation_profiles/veraPDF-validation-profiles-integration/PDF_A/4/6.2 Graphics/6.2.4 Colour spaces/6.2.4.3 Uncalibrated Device colour spaces/verapdf-profile-6-2-4-3-t04.xml,1624,743eebd857c4fafeac96b1914a8e41f2412705d6af4a2dc780867e5b2036753f
montefiore_pdfua_unified_v5_02_scripts_2026-05-19,montefiore_pdfua_unified_v5_02_scripts_2026-05-19/scripts/validation_profiles/veraPDF-validation-profiles-integration/PDF_A/4/6.2 Graphics/6.2.4 Colour spaces/6.2.4.4 Separation and DeviceN colour spaces/verapdf-profile-6-2-4-4-t01.xml,1247,6165b743001da6879e3a96a9015f0f1c5a1dfb62c130518032c83c47c221387f
montefiore_pdfua_unified_v5_02_scripts_2026-05-19,montefiore_pdfua_unified_v5_02_scripts_2026-05-19/scripts/validation_profiles/veraPDF-validation-profiles-integration/PDF_A/4/6.2 Graphics/6.2.4 Colour spaces/6.2.4.4 Separation and DeviceN colour spaces/verapdf-profile-6-2-4-4-t02.xml,1727,c41fb008b95331e487dead6b38f408dc5773217d87b1bc02d340ea829c078733
montefiore_pdfua_unified_v5_02_scripts_2026-05-19,montefiore_pdfua_unified_v5_02_scripts_2026-05-19/scripts/validation_profiles/veraPDF-validation-profiles-integration/PDF_A/4/6.2 Graphics/6.2.5 Extended graphics state/verapdf-profile-6-2-5-t01.xml,1104,273c0619dedd5343c739adbe3d80bee321d6034044587fc1cc119d07dc81574a
montefiore_pdfua_unified_v5_02_scripts_2026-05-19,montefiore_pdfua_unified_v5_02_scripts_2026-05-19/scripts/validation_profiles/veraPDF-validation-profiles-integration/PDF_A/4/6.2 Graphics/6.2.5 Extended graphics state/verapdf-profile-6-2-5-t02.xml,1090,25f321a58258b431dcd4cb118dcaf3380f0c12f1d04fbd324aac0e01bdc16e6b
montefiore_pdfua_unified_v5_02_scripts_2026-05-19,montefiore_pdfua_unified_v5_02_scripts_2026-05-19/scripts/validation_profiles/veraPDF-validation-profiles-integration/PDF_A/4/6.2 Graphics/6.2.5 Extended graphics state/verapdf-profile-6-2-5-t03.xml,955,0efc9588ef44b742c169bae4b3284ba319ec59038f13f29b68800a8b4dcd4f6c
montefiore_pdfua_unified_v5_02_scripts_2026-05-19,montefiore_pdfua_unified_v5_02_scripts_2026-05-19/scripts/validation_profiles/veraPDF-validation-profiles-integration/PDF_A/4/6.2 Graphics/6.2.5 Extended graphics state/verapdf-profile-6-2-5-t04.xml,1132,0a8fc53b898caafbc82257fd489fd3778e7a046df63b4d91393d49135ed62af8
montefiore_pdfua_unified_v5_02_scripts_2026-05-19,montefiore_pdfua_unified_v5_02_scripts_2026-05-19/scripts/validation_profiles/veraPDF-validation-profiles-integration/PDF_A/4/6.2 Graphics/6.2.5 Extended graphics state/verapdf-profile-6-2-5-t05.xml,969,276e6848eb4aa25cf5bd6422cee154e16f31da3ed86ebca7aa89da98e871b748
montefiore_pdfua_unified_v5_02_scripts_2026-05-19,montefiore_pdfua_unified_v5_02_scripts_2026-05-19/scripts/validation_profiles/veraPDF-validation-profiles-integration/PDF_A/4/6.2 Graphics/6.2.5 Extended graphics state/verapdf-profile-6-2-5-t06.xml,1423,a7416eda368b28528d0d092af012c69ff8c76a533ae9f2988a1d7ee685894e3a
montefiore_pdfua_unified_v5_02_scripts_2026-05-19,montefiore_pdfua_unified_v5_02_scripts_2026-05-19/scripts/validation_profiles/veraPDF-validation-profiles-integration/PDF_A/4/6.2 Graphics/6.2.7 Images/6.2.7.1 General/verapdf-profile-6-2-7-1-t01.xml,934,37288609b42a52c42096510ef4ab7ee7e27f1380a8cb97767983b4fcd865dccc
montefiore_pdfua_unified_v5_02_scripts_2026-05-19,montefiore_pdfua_unified_v5_02_scripts_2026-05-19/scripts/validation_profiles/veraPDF-validation-profiles-integration/PDF_A/4/6.2 Graphics/6.2.7 Images/6.2.7.1 General/verapdf-profile-6-2-7-1-t02.xml,899,41e86415338d43334fafb5ec45e38390ce3676af999e7780fc7d00b068413d00
montefiore_pdfua_unified_v5_02_scripts_2026-05-19,montefiore_pdfua_unified_v5_02_scripts_2026-05-19/scripts/validation_profiles/veraPDF-validation-profiles-integration/PDF_A/4/6.2 Graphics/6.2.7 Images/6.2.7.1 General/verapdf-profile-6-2-7-1-t03.xml,1159,08b7b940b86bc84beab49db61488a27186ad1e804f8bedb8c6742487c88e86ee
montefiore_pdfua_unified_v5_02_scripts_2026-05-19,montefiore_pdfua_unified_v5_02_scripts_2026-05-19/scripts/validation_profiles/veraPDF-validation-profiles-integration/PDF_A/4/6.2 Graphics/6.2.7 Images/6.2.7.1 General/verapdf-profile-6-2-7-1-t04.xml,1371,1efac8ee7c67bdb078e8de082d449839a228c26923427f05922754e0cf84a043
montefiore_pdfua_unified_v5_02_scripts_2026-05-19,montefiore_pdfua_unified_v5_02_scripts_2026-05-19/scripts/validation_profiles/veraPDF-validation-profiles-integration/PDF_A/4/6.2 Graphics/6.2.7 Images/6.2.7.1 General/verapdf-profile-6-2-7-1-t05.xml,1238,650466cd2cc6cefc7b10bd3870dc1a67596f8d1c1ff8f604522d6e747980bc31
montefiore_pdfua_unified_v5_02_scripts_2026-05-19,montefiore_pdfua_unified_v5_02_scripts_2026-05-19/scripts/validation_profiles/veraPDF-validation-profiles-integration/PDF_A/4/6.2 Graphics/6.2.7 Images/6.2.7.3 JPEG2000/verapdf-profile-6-2-7-3-t01.xml,1094,b2c82157f483dc8c7634636a3cf37d9d23c49a5e5a61dd30f2aea4e7ffc6859b
montefiore_pdfua_unified_v5_02_scripts_2026-05-19,montefiore_pdfua_unified_v5_02_scripts_2026-05-19/scripts/validation_profiles/veraPDF-validation-profiles-integration/PDF_A/4/6.2 Graphics/6.2.7 Images/6.2.7.3 JPEG2000/verapdf-profile-6-2-7-3-t02.xml,1421,3cdbf2e6fcbc84c73ffd7d06dde9194765034f1a61950278a7688e7ef6f4785f
montefiore_pdfua_unified_v5_02_scripts_2026-05-19,montefiore_pdfua_unified_v5_02_scripts_2026-05-19/scripts/validation_profiles/veraPDF-validation-profiles-integration/PDF_A/4/6.2 Graphics/6.2.7 Images/6.2.7.3 JPEG2000/verapdf-profile-6-2-7-3-t03.xml,1393,5b27695f6080d1f4e34ed5904bf722f73108876b4563f1b308cfb9a1998a1d98
montefiore_pdfua_unified_v5_02_scripts_2026-05-19,montefiore_pdfua_unified_v5_02_scripts_2026-05-19/scripts/validation_profiles/veraPDF-validation-profiles-integration/PDF_A/4/6.2 Graphics/6.2.7 Images/6.2.7.3 JPEG2000/verapdf-profile-6-2-7-3-t04.xml,1018,b691082e0f25697434b6d824d30299f3720e08ae5f6971ac4c348191fc0f78b6
montefiore_pdfua_unified_v5_02_scripts_2026-05-19,montefiore_pdfua_unified_v5_02_scripts_2026-05-19/scripts/validation_profiles/veraPDF-validation-profiles-integration/PDF_A/4/6.2 Graphics/6.2.7 Images/6.2.7.3 JPEG2000/verapdf-profile-6-2-7-3-t05.xml,1394,878930112f8120fd5cd5e36519cea82b9d980a385dd88c18438695cdad017fe1
montefiore_pdfua_unified_v5_02_scripts_2026-05-19,montefiore_pdfua_unified_v5_02_scripts_2026-05-19/scripts/validation_profiles/veraPDF-validation-profiles-integration/PDF_A/4/6.2 Graphics/6.2.8 XObjects/6.2.8.1 Form XObjects/verapdf-profile-6-2-8-1-t01.xml,920,cb137fd07f9cf74d9b7a57e1ab4db6732aadb27116f2216b758daed83ed0e774
montefiore_pdfua_unified_v5_02_scripts_2026-05-19,montefiore_pdfua_unified_v5_02_scripts_2026-05-19/scripts/validation_profiles/veraPDF-validation-profiles-integration/PDF_A/4/6.2 Graphics/6.2.8 XObjects/6.2.8.2 Reference XObjects/verapdf-profile-6-2-8-2-t01.xml,963,2ceef2c26ac23d2d72b539319a33337940b8ce963d2360c918e7029ea83313b7
montefiore_pdfua_unified_v5_02_scripts_2026-05-19,montefiore_pdfua_unified_v5_02_scripts_2026-05-19/scripts/validation_profiles/veraPDF-validation-profiles-integration/PDF_A/4/6.2 Graphics/6.2.9 Transparency/verapdf-profile-6-2-9-t01.xml,2318,2a61439e72ecb6c1d1f8c15492f3345856970b1f9b4454208eb925b159f550d3
montefiore_pdfua_unified_v5_02_scripts_2026-05-19,montefiore_pdfua_unified_v5_02_scripts_2026-05-19/scripts/validation_profiles/veraPDF-validation-profiles-integration/PDF_A/4/6.2 Graphics/6.2.9 Transparency/verapdf-profile-6-2-9-t02.xml,2012,51c7a35d44ec1d31bcbc20d66ba5e93aabd9e33f09d616456c809cb7152ca1be
montefiore_pdfua_unified_v5_02_scripts_2026-05-19,montefiore_pdfua_unified_v5_02_scripts_2026-05-19/scripts/validation_profiles/veraPDF-validation-profiles-integration/PDF_A/4/6.3 Annotations/6.3.1 Annotation types/verapdf-profile-6-3-1-t01.xml,2132,0e7893ecf74add135b2453d274cffbac0aeb15221d8a28786dd063a5d6ba4dbd
montefiore_pdfua_unified_v5_02_scripts_2026-05-19,montefiore_pdfua_unified_v5_02_scripts_2026-05-19/scripts/validation_profiles/veraPDF-validation-profiles-integration/PDF_A/4/6.3 Annotations/6.3.2 Annotation dictionaries/verapdf-profile-6-3-2-t01.xml,1139,933e1f111379d9c4ab0bf42c04cd82c2f973c9594203aa42281489de3814c951
montefiore_pdfua_unified_v5_02_scripts_2026-05-19,montefiore_pdfua_unified_v5_02_scripts_2026-05-19/scripts/validation_profiles/veraPDF-validation-profiles-integration/PDF_A/4/6.3 Annotations/6.3.2 Annotation dictionaries/verapdf-profile-6-3-2-t02.xml,1733,65411f999e9e1fb574999922c08004ef5d13ac508b5d7470eed55497b340fb27
montefiore_pdfua_unified_v5_02_scripts_2026-05-19,montefiore_pdfua_unified_v5_02_scripts_2026-05-19/scripts/validation_profiles/veraPDF-validation-profiles-integration/PDF_A/4/6.3 Annotations/6.3.3 Annotation appearances/verapdf-profile-6-3-3-t01.xml,2003,e001644b100b1db5a81ee2b85ef0ed345a8c8e36a6debb85868a060ab7ee90f0
montefiore_pdfua_unified_v5_02_scripts_2026-05-19,montefiore_pdfua_unified_v5_02_scripts_2026-05-19/scripts/validation_profiles/veraPDF-validation-profiles-integration/PDF_A/4/6.3 Annotations/6.3.3 Annotation appearances/verapdf-profile-6-3-3-t02.xml,1280,5fae0238e854bbb222a88abc44254bda0f3a7b96548cd39db06c47edc4457677
montefiore_pdfua_unified_v5_02_scripts_2026-05-19,montefiore_pdfua_unified_v5_02_scripts_2026-05-19/scripts/validation_profiles/veraPDF-validation-profiles-integration/PDF_A/4/6.3 Annotations/6.3.3 Annotation appearances/verapdf-profile-6-3-3-t03.xml,1501,a718760b494045dfbb6055082b9b9b92de4208a98febbf3e804910509ec49929
montefiore_pdfua_unified_v5_02_scripts_2026-05-19,montefiore_pdfua_unified_v5_02_scripts_2026-05-19/scripts/validation_profiles/veraPDF-validation-profiles-integration/PDF_A/4/6.3 Annotations/6.3.3 Annotation appearances/verapdf-profile-6-3-3-t04.xml,1568,4739168edd27aceb04f6fc63bcf9eed1582c369f44f765f21634d65cad4ebaf1
montefiore_pdfua_unified_v5_02_scripts_2026-05-19,montefiore_pdfua_unified_v5_02_scripts_2026-05-19/scripts/validation_profiles/veraPDF-validation-profiles-integration/PDF_A/4/6.4 Interactive forms/6.4.1 General/verapdf-profile-6-4-1-t01.xml,942,ebe4f7fd1c0522d7d32d54a5171306f128fd6165a281c3a38fbd95448aee6a65
montefiore_pdfua_unified_v5_02_scripts_2026-05-19,montefiore_pdfua_unified_v5_02_scripts_2026-05-19/scripts/validation_profiles/veraPDF-validation-profiles-integration/PDF_A/4/6.4 Interactive forms/6.4.1 General/verapdf-profile-6-4-1-t02.xml,1105,8eab01025338deb2fd4e1d9a7063ba68b938fafd4c62cd7e23efae7735b542a9
montefiore_pdfua_unified_v5_02_scripts_2026-05-19,montefiore_pdfua_unified_v5_02_scripts_2026-05-19/scripts/validation_profiles/veraPDF-validation-profiles-integration/PDF_A/4/6.4 Interactive forms/6.4.2 XFA forms/verapdf-profile-6-4-2-t01.xml,1172,41ec438a7decc4d8cb010ecb83668c5d27ce7fde049061c1fff95545a59022ec
montefiore_pdfua_unified_v5_02_scripts_2026-05-19,montefiore_pdfua_unified_v5_02_scripts_2026-05-19/scripts/validation_profiles/veraPDF-validation-profiles-integration/PDF_A/4/6.4 Interactive forms/6.4.2 XFA forms/verapdf-profile-6-4-2-t02.xml,971,5eceae257b80b6d45cbfd1ddbf01521d0a40989ec08dd20e8ae7ba07ee231683
montefiore_pdfua_unified_v5_02_scripts_2026-05-19,montefiore_pdfua_unified_v5_02_scripts_2026-05-19/scripts/validation_profiles/veraPDF-validation-profiles-integration/PDF_A/4/6.6 Action/6.6.1 General/verapdf-profile-6-6-1-t01.xml,1725,e1c4a0805caa6871a97fc9d949004de9376787c6b9c6442957de442fe8a68e47
montefiore_pdfua_unified_v5_02_scripts_2026-05-19,montefiore_pdfua_unified_v5_02_scripts_2026-05-19/scripts/validation_profiles/veraPDF-validation-profiles-integration/PDF_A/4/6.6 Action/6.6.1 General/verapdf-profile-6-6-1-t02.xml,1272,642e88dbeab2037a0bee903882d590f4d8643231df0f5e8883ff986b0c8b3d2d
montefiore_pdfua_unified_v5_02_scripts_2026-05-19,montefiore_pdfua_unified_v5_02_scripts_2026-05-19/scripts/validation_profiles/veraPDF-validation-profiles-integration/PDF_A/4/6.6 Action/6.6.3 Trigger events/verapdf-profile-6-6-3-t01.xml,2008,28e89caa3101050c5a4ec2379eff6d0f668d4b641c707ca66715faab464eba32
montefiore_pdfua_unified_v5_02_scripts_2026-05-19,montefiore_pdfua_unified_v5_02_scripts_2026-05-19/scripts/validation_profiles/veraPDF-validation-profiles-integration/PDF_A/4/6.7 Metadata/6.7.2 Metadata streams/6.7.2.1 General/verapdf-profile-6-7-2-1-t01.xml,1666,9c8c2162ea3dc7efa3996c21ba2ccf8f09b6c8278c973635980ad72023d599aa
montefiore_pdfua_unified_v5_02_scripts_2026-05-19,montefiore_pdfua_unified_v5_02_scripts_2026-05-19/scripts/validation_profiles/veraPDF-validation-profiles-integration/PDF_A/4/6.7 Metadata/6.7.2 Metadata streams/6.7.2.1 General/verapdf-profile-6-7-2-1-t02.xml,927,58534c95935f80d898c8048367d40410d41133784e4af42b2db8383d9ce907bd
montefiore_pdfua_unified_v5_02_scripts_2026-05-19,montefiore_pdfua_unified_v5_02_scripts_2026-05-19/scripts/validation_profiles/veraPDF-validation-profiles-integration/PDF_A/4/6.7 Metadata/6.7.2 Metadata streams/6.7.2.1 General/verapdf-profile-6-7-2-1-t03.xml,942,c0305c8593e634d9f7c588943e9946aa9f9625d8b3cc335f8954cb0dda5d5bd8
montefiore_pdfua_unified_v5_02_scripts_2026-05-19,montefiore_pdfua_unified_v5_02_scripts_2026-05-19/scripts/validation_profiles/veraPDF-validation-profiles-integration/PDF_A/4/6.7 Metadata/6.7.2 Metadata streams/6.7.2.1 General/verapdf-profile-6-7-2-1-t04.xml,1229,156ed31a4fc33f80c6387e63079aa07a7ef90afe8289dabe685e412178954f8b
montefiore_pdfua_unified_v5_02_scripts_2026-05-19,montefiore_pdfua_unified_v5_02_scripts_2026-05-19/scripts/validation_profiles/veraPDF-validation-profiles-integration/PDF_A/4/6.7 Metadata/6.7.2 Metadata streams/6.7.2.1 General/verapdf-profile-6-7-2-1-t05.xml,1322,38d01b6b1bda286600dfb19992de183b4a9931718f407c0fa290171fe9c3c550
montefiore_pdfua_unified_v5_02_scripts_2026-05-19,montefiore_pdfua_unified_v5_02_scripts_2026-05-19/scripts/validation_profiles/veraPDF-validation-profiles-integration/PDF_A/4/6.7 Metadata/6.7.3 Version identification/verapdf-profile-6-7-3-t01.xml,1370,39aa924b136161c1c7dea2551a94c4b032b94f1c0eb444aff7bdb0238d892a8a
montefiore_pdfua_unified_v5_02_scripts_2026-05-19,montefiore_pdfua_unified_v5_02_scripts_2026-05-19/scripts/validation_profiles/veraPDF-validation-profiles-integration/PDF_A/4/6.7 Metadata/6.7.3 Version identification/verapdf-profile-6-7-3-t02.xml,1150,637929ec368cb5592d41c766048d6acaec2b006ee1ecec757c86a78fd546d0cf
montefiore_pdfua_unified_v5_02_scripts_2026-05-19,montefiore_pdfua_unified_v5_02_scripts_2026-05-19/scripts/validation_profiles/veraPDF-validation-profiles-integration/PDF_A/4/6.7 Metadata/6.7.3 Version identification/verapdf-profile-6-7-3-t03.xml,1205,58fef71878d7f2c744225a404c839eeb2ad62aec613f11c73a38bd1a5dcabcd2
montefiore_pdfua_unified_v5_02_scripts_2026-05-19,montefiore_pdfua_unified_v5_02_scripts_2026-05-19/scripts/validation_profiles/veraPDF-validation-profiles-integration/PDF_A/4/6.7 Metadata/6.7.3 Version identification/verapdf-profile-6-7-3-t04.xml,1224,42d853a74c4fd9f745f4d8933576295b56d555ec524c323f4f07779c6c2d6746
montefiore_pdfua_unified_v5_02_scripts_2026-05-19,montefiore_pdfua_unified_v5_02_scripts_2026-05-19/scripts/validation_profiles/veraPDF-validation-profiles-integration/PDF_A/4/6.7 Metadata/6.7.3 Version identification/verapdf-profile-6-7-3-t05.xml,1036,76acf9fbffc337481e2057d6ab429ab4d8deae2af23feda0c6de962a8d76948c
montefiore_pdfua_unified_v5_02_scripts_2026-05-19,montefiore_pdfua_unified_v5_02_scripts_2026-05-19/scripts/validation_profiles/veraPDF-validation-profiles-integration/PDF_A/4/6.7 Metadata/6.7.3 Version identification/verapdf-profile-6-7-3-t06.xml,1217,2d657cd5b7ed666ce583ed8745bf2eea42761fea479b98a0c258070c241bb390
montefiore_pdfua_unified_v5_02_scripts_2026-05-19,montefiore_pdfua_unified_v5_02_scripts_2026-05-19/scripts/validation_profiles/veraPDF-validation-profiles-integration/PDF_A/4/6.9 Embedded files/verapdf-profile-6-9-t01.xml,1411,966f95f4ca6918aa32cdcb1d55e42ccfe9d9e375c3cc3cda716dd8bd8a85eb4f
montefiore_pdfua_unified_v5_02_scripts_2026-05-19,montefiore_pdfua_unified_v5_02_scripts_2026-05-19/scripts/validation_profiles/veraPDF-validation-profiles-integration/PDF_A/4/6.9 Embedded files/verapdf-profile-6-9-t02.xml,1216,f28a198b6b51e16f55f1c1e31043c4a9fdf1d2c714e339c34c24bca133c3f7ef
montefiore_pdfua_unified_v5_02_scripts_2026-05-19,montefiore_pdfua_unified_v5_02_scripts_2026-05-19/scripts/validation_profiles/veraPDF-validation-profiles-integration/PDF_A/4/6.9 Embedded files/verapdf-profile-6-9-t03.xml,987,13e8d7fee65d47695d43fb72b020275e130d31b2ca3dc0e52faa7c16707bd087
montefiore_pdfua_unified_v5_02_scripts_2026-05-19,montefiore_pdfua_unified_v5_02_scripts_2026-05-19/scripts/validation_profiles/veraPDF-validation-profiles-integration/PDF_A/4/6.9 Embedded files/verapdf-profile-6-9-t04.xml,1380,c600cb1c4bf6d58ad6e4d9a25d135542da2a86dfb392583e6820bab4652f9ec7
montefiore_pdfua_unified_v5_02_scripts_2026-05-19,montefiore_pdfua_unified_v5_02_scripts_2026-05-19/scripts/validation_profiles/veraPDF-validation-profiles-integration/PDF_A/4e/6.1 File structure/6.1.6 Stream objects/6.1.6.1 General/verapdf-profile-6-1-6-1-t03.xml,1415,5cb54db96c89700f1c73aa735359fe1689f285a707c2e9b29299af69ed135627
montefiore_pdfua_unified_v5_02_scripts_2026-05-19,montefiore_pdfua_unified_v5_02_scripts_2026-05-19/scripts/validation_profiles/veraPDF-validation-profiles-integration/PDF_A/4e/6.3 Annotations/6.3.1 Annotation types/verapdf-profile-6-3-1-t01.xml,2465,85c0c1426822cba29dc87e6df54da1a01e4babe5974e2d04fb73bf85869eccf7
montefiore_pdfua_unified_v5_02_scripts_2026-05-19,montefiore_pdfua_unified_v5_02_scripts_2026-05-19/scripts/validation_profiles/veraPDF-validation-profiles-integration/PDF_A/4e/6.6 Action/6.6.1 General/verapdf-profile-6-6-1-t01.xml,2020,c9c415b9f248b05b34f886b68047f76881b38018a391468cf77d930789bdeeb1
montefiore_pdfua_unified_v5_02_scripts_2026-05-19,montefiore_pdfua_unified_v5_02_scripts_2026-05-19/scripts/validation_profiles/veraPDF-validation-profiles-integration/PDF_A/4e/6.7.3 Version identification/verapdf-profile-6-7-3-t03.xml,1358,78696697c465a640f65c0e6c46ee1b62c5b14c5201ca6286f8a42adb159f0f6c
montefiore_pdfua_unified_v5_02_scripts_2026-05-19,montefiore_pdfua_unified_v5_02_scripts_2026-05-19/scripts/validation_profiles/veraPDF-validation-profiles-integration/PDF_A/4f/6.3 Annotations/6.3.1 Annotation types/verapdf-profile-6-3-1-t01.xml,2324,49dd7f6940aaec0de06002be129dab6cab41193bf9d362b0722bdae5ae3e5981
montefiore_pdfua_unified_v5_02_scripts_2026-05-19,montefiore_pdfua_unified_v5_02_scripts_2026-05-19/scripts/validation_profiles/veraPDF-validation-profiles-integration/PDF_A/4f/6.7.3 Version identification/verapdf-profile-6-7-3-t03.xml,1358,99febc98ae037d0e65ca3595eff721ce11880c67e28b3e008fe5e3b6860c430c
montefiore_pdfua_unified_v5_02_scripts_2026-05-19,montefiore_pdfua_unified_v5_02_scripts_2026-05-19/scripts/validation_profiles/veraPDF-validation-profiles-integration/PDF_A/4f/6.9 Embedded files/verapdf-profile-6-9-t05.xml,1263,309480c632d2cd291c62cadc54ecaa213ea0a38ac7e3a7502cc3a54bb8eee41c
montefiore_pdfua_unified_v5_02_scripts_2026-05-19,montefiore_pdfua_unified_v5_02_scripts_2026-05-19/scripts/validation_profiles/veraPDF-validation-profiles-integration/PDF_A/PDFA-1A.xml,103722,c01d2b36faeb4e7703d96e88b4fa87605e67c39fa431a8adc93a1d50cbe54442
montefiore_pdfua_unified_v5_02_scripts_2026-05-19,montefiore_pdfua_unified_v5_02_scripts_2026-05-19/scripts/validation_profiles/veraPDF-validation-profiles-integration/PDF_A/PDFA-1B.xml,98806,93a8254a209a298cdf38d2f259906d585dfcdd1cc700650271b86920be9c00e6
montefiore_pdfua_unified_v5_02_scripts_2026-05-19,montefiore_pdfua_unified_v5_02_scripts_2026-05-19/scripts/validation_profiles/veraPDF-validation-profiles-integration/PDF_A/PDFA-2A.xml,123052,22ef9e98557d1ff714e252d5cf020840b0ec05fddd437c47058eeaa225dc6af5
montefiore_pdfua_unified_v5_02_scripts_2026-05-19,montefiore_pdfua_unified_v5_02_scripts_2026-05-19/scripts/validation_profiles/veraPDF-validation-profiles-integration/PDF_A/PDFA-2B.xml,116132,bae015161f0c9b4296481f11936c97728dfd12dffb2df48ea744f885794da382
montefiore_pdfua_unified_v5_02_scripts_2026-05-19,montefiore_pdfua_unified_v5_02_scripts_2026-05-19/scripts/validation_profiles/veraPDF-validation-profiles-integration/PDF_A/PDFA-2U.xml,117468,52bddd46bc6c8bfcfb00cf4589935a7328668f709d92928d2e8841446c05a21d
montefiore_pdfua_unified_v5_02_scripts_2026-05-19,montefiore_pdfua_unified_v5_02_scripts_2026-05-19/scripts/validation_profiles/veraPDF-validation-profiles-integration/PDF_A/PDFA-3A.xml,124554,4eac441409c0523ded5d29d77e567f63ae3ac285d82505f673d2992286da674a
montefiore_pdfua_unified_v5_02_scripts_2026-05-19,montefiore_pdfua_unified_v5_02_scripts_2026-05-19/scripts/validation_profiles/veraPDF-validation-profiles-integration/PDF_A/PDFA-3B.xml,117628,fc6f5c9cccc8c52af8584f98505fe62979522e66acd525a67ce391c36d8dbc17
montefiore_pdfua_unified_v5_02_scripts_2026-05-19,montefiore_pdfua_unified_v5_02_scripts_2026-05-19/scripts/validation_profiles/veraPDF-validation-profiles-integration/PDF_A/PDFA-3U.xml,118970,2ac7b14a789681c4dc9d53ec66e9a28f6efa2cd61a4633487b4c15c111281bf2
montefiore_pdfua_unified_v5_02_scripts_2026-05-19,montefiore_pdfua_unified_v5_02_scripts_2026-05-19/scripts/validation_profiles/veraPDF-validation-profiles-integration/PDF_A/PDFA-4.xml,90701,7c1d9450d6f39c957586463354bccbf57a12713caad9a85db83dc6bd4851a07b
montefiore_pdfua_unified_v5_02_scripts_2026-05-19,montefiore_pdfua_unified_v5_02_scripts_2026-05-19/scripts/validation_profiles/veraPDF-validation-profiles-integration/PDF_A/PDFA-4E.xml,91373,824821d7e27c97cd70f6b9ed6f19e26510c0695b0526f78a0d4a79e69cbc9a3b
montefiore_pdfua_unified_v5_02_scripts_2026-05-19,montefiore_pdfua_unified_v5_02_scripts_2026-05-19/scripts/validation_profiles/veraPDF-validation-profiles-integration/PDF_A/PDFA-4F.xml,91124,cb4938bd1e8c752290e00f284a2b7e1a73fc5a09441eea0275231d6515316129
montefiore_pdfua_unified_v5_02_scripts_2026-05-19,montefiore_pdfua_unified_v5_02_scripts_2026-05-19/scripts/validation_profiles/veraPDF-validation-profiles-integration/PDF_UA/1/5 Version identification/verapdf-profile-5-t01.xml,1133,b1b7d52623f793d514b7de368b99b3251045b9926b933d20ef5aa55c187eaa42
montefiore_pdfua_unified_v5_02_scripts_2026-05-19,montefiore_pdfua_unified_v5_02_scripts_2026-05-19/scripts/validation_profiles/veraPDF-validation-profiles-integration/PDF_UA/1/5 Version identification/verapdf-profile-5-t02.xml,1223,3383903bea99f30084eddab20476993c40802f150b1f157ad656f948c43a50e7
montefiore_pdfua_unified_v5_02_scripts_2026-05-19,montefiore_pdfua_unified_v5_02_scripts_2026-05-19/scripts/validation_profiles/veraPDF-validation-profiles-integration/PDF_UA/1/5 Version identification/verapdf-profile-5-t03.xml,1223,600d197f98a26dd207a590a07232a76c9470d60a16fd097a04d95da22f9df2d4
montefiore_pdfua_unified_v5_02_scripts_2026-05-19,montefiore_pdfua_unified_v5_02_scripts_2026-05-19/scripts/validation_profiles/veraPDF-validation-profiles-integration/PDF_UA/1/5 Version identification/verapdf-profile-5-t04.xml,1216,75b845830fa0cffedf9532721a907a725db938512e1d34a230497e8159636a3d
montefiore_pdfua_unified_v5_02_scripts_2026-05-19,montefiore_pdfua_unified_v5_02_scripts_2026-05-19/scripts/validation_profiles/veraPDF-validation-profiles-integration/PDF_UA/1/5 Version identification/verapdf-profile-5-t05.xml,1223,2024687f789d689738809a1dc99c6b30286a9e4241c5e582f8f7da9600089887
montefiore_pdfua_unified_v5_02_scripts_2026-05-19,montefiore_pdfua_unified_v5_02_scripts_2026-05-19/scripts/validation_profiles/veraPDF-validation-profiles-integration/PDF_UA/1/6 Conformance requirements/6.1 General/verapdf-profile-6-1-t01.xml,1335,5404fc44a31e21f7536050f5fbc248bddbaf7b3229ce8ba75f8ab8a55d0eefe7
montefiore_pdfua_unified_v5_02_scripts_2026-05-19,montefiore_pdfua_unified_v5_02_scripts_2026-05-19/scripts/validation_profiles/veraPDF-validation-profiles-integration/PDF_UA/1/6 Conformance requirements/6.2 Conforming files/verapdf-profile-6-2-t01.xml,1467,75a6324e5296e816d2abef53f29b59580b9d85adb273775c83fa9a6cd800a2d9
montefiore_pdfua_unified_v5_02_scripts_2026-05-19,montefiore_pdfua_unified_v5_02_scripts_2026-05-19/scripts/validation_profiles/veraPDF-validation-profiles-integration/PDF_UA/1/7.1 General/verapdf-profile-7-1-t01.xml,1153,5ac8ddec6b9e2e905fae5c5bc09a099bec6a7b97ca996904a991387db5c80942
montefiore_pdfua_unified_v5_02_scripts_2026-05-19,montefiore_pdfua_unified_v5_02_scripts_2026-05-19/scripts/validation_profiles/veraPDF-validation-profiles-integration/PDF_UA/1/7.1 General/verapdf-profile-7-1-t02.xml,1177,685648a100327d5fa7fe619bd9ef43ae6cfd98fcb470de812b2bf7d5342f24c8
montefiore_pdfua_unified_v5_02_scripts_2026-05-19,montefiore_pdfua_unified_v5_02_scripts_2026-05-19/scripts/validation_profiles/veraPDF-validation-profiles-integration/PDF_UA/1/7.1 General/verapdf-profile-7-1-t03.xml,1036,6688161363abd89791bf735acff1b17e179031f9b92ee509829c3b7ac49cb569
montefiore_pdfua_unified_v5_02_scripts_2026-05-19,montefiore_pdfua_unified_v5_02_scripts_2026-05-19/scripts/validation_profiles/veraPDF-validation-profiles-integration/PDF_UA/1/7.1 General/verapdf-profile-7-1-t04.xml,1048,2c6d9daf5c82aeb6f8dee6a9c93736ad97cf10031db90d407e43ac510d90eb65
montefiore_pdfua_unified_v5_02_scripts_2026-05-19,montefiore_pdfua_unified_v5_02_scripts_2026-05-19/scripts/validation_profiles/veraPDF-validation-profiles-integration/PDF_UA/1/7.1 General/verapdf-profile-7-1-t05.xml,1876,5d817d4c161fbd450077a67bc1d05edeaa7aa0fff2ff9f10396978cd78ede960
montefiore_pdfua_unified_v5_02_scripts_2026-05-19,montefiore_pdfua_unified_v5_02_scripts_2026-05-19/scripts/validation_profiles/veraPDF-validation-profiles-integration/PDF_UA/1/7.1 General/verapdf-profile-7-1-t06.xml,984,ea22d8d5a93398c80cde0917115a872c253f38ccff1aff9e7997de49e0baf9e3
montefiore_pdfua_unified_v5_02_scripts_2026-05-19,montefiore_pdfua_unified_v5_02_scripts_2026-05-19/scripts/validation_profiles/veraPDF-validation-profiles-integration/PDF_UA/1/7.1 General/verapdf-profile-7-1-t07.xml,1165,4466a8265bca340f8c9028e07cd063f29080ebbe8f24aa0946bbabc41ee0adfd
montefiore_pdfua_unified_v5_02_scripts_2026-05-19,montefiore_pdfua_unified_v5_02_scripts_2026-05-19/scripts/validation_profiles/veraPDF-validation-profiles-integration/PDF_UA/1/7.1 General/verapdf-profile-7-1-t08.xml,1677,accb773bc9425af430236387e2f19e4e6eb0edec5d735b9aebafe05967aef624
montefiore_pdfua_unified_v5_02_scripts_2026-05-19,montefiore_pdfua_unified_v5_02_scripts_2026-05-19/scripts/validation_profiles/veraPDF-validation-profiles-integration/PDF_UA/1/7.1 General/verapdf-profile-7-1-t09.xml,1339,a8034cb014e0420f056164370cd5c252631a3b34d2c0c5c4bb310102ee217652
montefiore_pdfua_unified_v5_02_scripts_2026-05-19,montefiore_pdfua_unified_v5_02_scripts_2026-05-19/scripts/validation_profiles/veraPDF-validation-profiles-integration/PDF_UA/1/7.1 General/verapdf-profile-7-1-t10.xml,1450,adf3243c850c00ce3a60f005b9d66361c94a912e011671538b1598a2c8593c35
montefiore_pdfua_unified_v5_02_scripts_2026-05-19,montefiore_pdfua_unified_v5_02_scripts_2026-05-19/scripts/validation_profiles/veraPDF-validation-profiles-integration/PDF_UA/1/7.1 General/verapdf-profile-7-1-t11.xml,1395,eec048cfa954832fc834187911219da0a2011347d26094c053cc557f5e2bf49b
montefiore_pdfua_unified_v5_02_scripts_2026-05-19,montefiore_pdfua_unified_v5_02_scripts_2026-05-19/scripts/validation_profiles/veraPDF-validation-profiles-integration/PDF_UA/1/7.1 General/verapdf-profile-7-1-t12.xml,1236,8042778b975837dd2223e0011e7b8e1ce8e386897cd3ba01f4bbbf188affd84a
montefiore_pdfua_unified_v5_02_scripts_2026-05-19,montefiore_pdfua_unified_v5_02_scripts_2026-05-19/scripts/validation_profiles/veraPDF-validation-profiles-integration/PDF_UA/1/7.10 Optional content/verapdf-profile-7-10-t01.xml,1324,8755ea65faaa45d4ed9e37d11a5027caafb9534f955c358780533427852d2a9e
montefiore_pdfua_unified_v5_02_scripts_2026-05-19,montefiore_pdfua_unified_v5_02_scripts_2026-05-19/scripts/validation_profiles/veraPDF-validation-profiles-integration/PDF_UA/1/7.10 Optional content/verapdf-profile-7-10-t02.xml,989,0440b3dd84d1ebd446c92f55e64f65a628c01368dec0248f1cac9786d41f4a9d
montefiore_pdfua_unified_v5_02_scripts_2026-05-19,montefiore_pdfua_unified_v5_02_scripts_2026-05-19/scripts/validation_profiles/veraPDF-validation-profiles-integration/PDF_UA/1/7.11 Embedded files/verapdf-profile-7-11-t01.xml,1343,7ce2c52b5c516d20da33c105140da1209ad98077cf536c9b65967513354184b8
montefiore_pdfua_unified_v5_02_scripts_2026-05-19,montefiore_pdfua_unified_v5_02_scripts_2026-05-19/scripts/validation_profiles/veraPDF-validation-profiles-integration/PDF_UA/1/7.15 XFA/verapdf-profile-7-15-t01.xml,880,b35b6a484405cd9d308e75efd3c64e2424b6bb666168479a5cc6440250ac2372
montefiore_pdfua_unified_v5_02_scripts_2026-05-19,montefiore_pdfua_unified_v5_02_scripts_2026-05-19/scripts/validation_profiles/veraPDF-validation-profiles-integration/PDF_UA/1/7.16 Security/verapdf-profile-7-16-t01.xml,1668,8c7b2e3ef3f82c123b281e9d107d64ec6fba08ba90181e605a51f158b716632b
montefiore_pdfua_unified_v5_02_scripts_2026-05-19,montefiore_pdfua_unified_v5_02_scripts_2026-05-19/scripts/validation_profiles/veraPDF-validation-profiles-integration/PDF_UA/1/7.18 Annotations/7.18.1 General/verapdf-profile-7-18-1-t01.xml,1468,0998eebfa361d081c3c57b682068be231d33ee9530bcbd48dc5d7b23079afddf
montefiore_pdfua_unified_v5_02_scripts_2026-05-19,montefiore_pdfua_unified_v5_02_scripts_2026-05-19/scripts/validation_profiles/veraPDF-validation-profiles-integration/PDF_UA/1/7.18 Annotations/7.18.1 General/verapdf-profile-7-18-1-t02.xml,1670,04a54cf582b1a2e9e793bb7c5b059df564620cd7a822664df42314f3aecc6792
montefiore_pdfua_unified_v5_02_scripts_2026-05-19,montefiore_pdfua_unified_v5_02_scripts_2026-05-19/scripts/validation_profiles/veraPDF-validation-profiles-integration/PDF_UA/1/7.18 Annotations/7.18.1 General/verapdf-profile-7-18-1-t03.xml,1467,798a9acb028693db2cf25abaa9fb138e5d82179f57a8441b9ed95648736638e0
montefiore_pdfua_unified_v5_02_scripts_2026-05-19,montefiore_pdfua_unified_v5_02_scripts_2026-05-19/scripts/validation_profiles/veraPDF-validation-profiles-integration/PDF_UA/1/7.18 Annotations/7.18.2 Annotation types/verapdf-profile-7-18-2-t01.xml,983,83c68a2ef914bf41f4c77f39d82196515c166cfb715dc99771748e1f13e4c284
montefiore_pdfua_unified_v5_02_scripts_2026-05-19,montefiore_pdfua_unified_v5_02_scripts_2026-05-19/scripts/validation_profiles/veraPDF-validation-profiles-integration/PDF_UA/1/7.18 Annotations/7.18.3 Tab order/verapdf-profile-7-18-3-t01.xml,1217,65b55fb19a12d6672535fdabb597b717cd8d4036f86bcaa526a239062d83bca7
montefiore_pdfua_unified_v5_02_scripts_2026-05-19,montefiore_pdfua_unified_v5_02_scripts_2026-05-19/scripts/validation_profiles/veraPDF-validation-profiles-integration/PDF_UA/1/7.18 Annotations/7.18.4 Forms/verapdf-profile-7-18-4-t01.xml,1418,d0825af9af12f1ba55337b8a63ff32cc9117b3bd2ae113e53956c21c13168108
montefiore_pdfua_unified_v5_02_scripts_2026-05-19,montefiore_pdfua_unified_v5_02_scripts_2026-05-19/scripts/validation_profiles/veraPDF-validation-profiles-integration/PDF_UA/1/7.18 Annotations/7.18.4 Forms/verapdf-profile-7-18-4-t02.xml,1508,156cf41a193a24b11c18d4cffcfda02e38421e9ece9022e188e175c216b07bce
montefiore_pdfua_unified_v5_02_scripts_2026-05-19,montefiore_pdfua_unified_v5_02_scripts_2026-05-19/scripts/validation_profiles/veraPDF-validation-profiles-integration/PDF_UA/1/7.18 Annotations/7.18.5 Links/verapdf-profile-7-18-5-t01.xml,1378,105fe9b7bf6528d88854abffea3cecca89372bd30f64c3b3f66e7f33712cb835
montefiore_pdfua_unified_v5_02_scripts_2026-05-19,montefiore_pdfua_unified_v5_02_scripts_2026-05-19/scripts/validation_profiles/veraPDF-validation-profiles-integration/PDF_UA/1/7.18 Annotations/7.18.5 Links/verapdf-profile-7-18-5-t02.xml,1293,5d26dc79ccf8ca54e005c37825442247925ac807075a4be3b761c3d9047ddb22
montefiore_pdfua_unified_v5_02_scripts_2026-05-19,montefiore_pdfua_unified_v5_02_scripts_2026-05-19/scripts/validation_profiles/veraPDF-validation-profiles-integration/PDF_UA/1/7.18 Annotations/7.18.6 Media/7.18.6.2 Media clip data/verapdf-profile-7-18-6-2-t01.xml,1217,00fca09182d791af32c7b59567122d0af9905a4527134700fd1701de03cf0cd0
montefiore_pdfua_unified_v5_02_scripts_2026-05-19,montefiore_pdfua_unified_v5_02_scripts_2026-05-19/scripts/validation_profiles/veraPDF-validation-profiles-integration/PDF_UA/1/7.18 Annotations/7.18.6 Media/7.18.6.2 Media clip data/verapdf-profile-7-18-6-2-t02.xml,1341,87da026cf210e65274a7a8946010160fd8414a75cd623843064d0ebbe59d1124
montefiore_pdfua_unified_v5_02_scripts_2026-05-19,montefiore_pdfua_unified_v5_02_scripts_2026-05-19/scripts/validation_profiles/veraPDF-validation-profiles-integration/PDF_UA/1/7.18 Annotations/7.18.8 PrinterMark/verapdf-profile-7-18-8-t01.xml,1380,f9603ff4df81695da9aed909cd6809a6642d5769f6b24986c25a223bfdc97fc0
montefiore_pdfua_unified_v5_02_scripts_2026-05-19,montefiore_pdfua_unified_v5_02_scripts_2026-05-19/scripts/validation_profiles/veraPDF-validation-profiles-integration/PDF_UA/1/7.2 Text/verapdf-profile-7-2-t02.xml,1153,ab23a1f5895067a209a5515778f9c51e017c16c6cc3baef1c301c29a3e6a6097
montefiore_pdfua_unified_v5_02_scripts_2026-05-19,montefiore_pdfua_unified_v5_02_scripts_2026-05-19/scripts/validation_profiles/veraPDF-validation-profiles-integration/PDF_UA/1/7.2 Text/verapdf-profile-7-2-t03.xml,1611,3f4dd273b4c998d1a8e238d6f3aa8f7ed31fb83df01e274927c572860008bdb2
montefiore_pdfua_unified_v5_02_scripts_2026-05-19,montefiore_pdfua_unified_v5_02_scripts_2026-05-19/scripts/validation_profiles/veraPDF-validation-profiles-integration/PDF_UA/1/7.2 Text/verapdf-profile-7-2-t04.xml,1219,40a8b26889cb90328202a24760a060da1903d68a9ff994df740400f23900bd1b
montefiore_pdfua_unified_v5_02_scripts_2026-05-19,montefiore_pdfua_unified_v5_02_scripts_2026-05-19/scripts/validation_profiles/veraPDF-validation-profiles-integration/PDF_UA/1/7.2 Text/verapdf-profile-7-2-t05.xml,1140,766e62474f25cf70ae2dfff1fa0949393df19bdf0047116a951dbacfba224a4a
montefiore_pdfua_unified_v5_02_scripts_2026-05-19,montefiore_pdfua_unified_v5_02_scripts_2026-05-19/scripts/validation_profiles/veraPDF-validation-profiles-integration/PDF_UA/1/7.2 Text/verapdf-profile-7-2-t06.xml,1140,5450ffed17b0d9beae39ac46a7a85be8932d9b003af8b8f94f919f433d77c723
montefiore_pdfua_unified_v5_02_scripts_2026-05-19,montefiore_pdfua_unified_v5_02_scripts_2026-05-19/scripts/validation_profiles/veraPDF-validation-profiles-integration/PDF_UA/1/7.2 Text/verapdf-profile-7-2-t07.xml,1140,2b7fd8fca6b5b3f35f147634875364f30c150e6bf6adbf998fad5c4af9843d28
montefiore_pdfua_unified_v5_02_scripts_2026-05-19,montefiore_pdfua_unified_v5_02_scripts_2026-05-19/scripts/validation_profiles/veraPDF-validation-profiles-integration/PDF_UA/1/7.2 Text/verapdf-profile-7-2-t08.xml,1113,b0d5c504892b91cfcb3b8ac2e96f7c0c0368508effd0115cc94d70cc07ae190d
montefiore_pdfua_unified_v5_02_scripts_2026-05-19,montefiore_pdfua_unified_v5_02_scripts_2026-05-19/scripts/validation_profiles/veraPDF-validation-profiles-integration/PDF_UA/1/7.2 Text/verapdf-profile-7-2-t09.xml,1113,f0a528d81158930fa1b6c7cf236d8452c01676376d367bc1148d2f6e8da09341
montefiore_pdfua_unified_v5_02_scripts_2026-05-19,montefiore_pdfua_unified_v5_02_scripts_2026-05-19/scripts/validation_profiles/veraPDF-validation-profiles-integration/PDF_UA/1/7.2 Text/verapdf-profile-7-2-t10.xml,1257,a85e01c7dbe74084429b1624814b6cf91eea4a8f7ab5ccb60341a3ec1f46335d
montefiore_pdfua_unified_v5_02_scripts_2026-05-19,montefiore_pdfua_unified_v5_02_scripts_2026-05-19/scripts/validation_profiles/veraPDF-validation-profiles-integration/PDF_UA/1/7.2 Text/verapdf-profile-7-2-t11.xml,1097,26485dbab4765fb0cdbf689c23157a08c93a862840482f1014913c89b0de516c
montefiore_pdfua_unified_v5_02_scripts_2026-05-19,montefiore_pdfua_unified_v5_02_scripts_2026-05-19/scripts/validation_profiles/veraPDF-validation-profiles-integration/PDF_UA/1/7.2 Text/verapdf-profile-7-2-t12.xml,1097,44370568339492518c74570f5484c8dba2a45515462acbd8e888667cfffb0617
montefiore_pdfua_unified_v5_02_scripts_2026-05-19,montefiore_pdfua_unified_v5_02_scripts_2026-05-19/scripts/validation_profiles/veraPDF-validation-profiles-integration/PDF_UA/1/7.2 Text/verapdf-profile-7-2-t13.xml,1291,353f846ad0e3bd89868dc861cc0931f4a1d9e80a8725fe8330f8b1f60823de88
montefiore_pdfua_unified_v5_02_scripts_2026-05-19,montefiore_pdfua_unified_v5_02_scripts_2026-05-19/scripts/validation_profiles/veraPDF-validation-profiles-integration/PDF_UA/1/7.2 Text/verapdf-profile-7-2-t14.xml,1291,89c62f7475dca3aa8f4e4f6ed2f43943399fd5fb8dc6d6bfc51fe4a6077551a0
montefiore_pdfua_unified_v5_02_scripts_2026-05-19,montefiore_pdfua_unified_v5_02_scripts_2026-05-19/scripts/validation_profiles/veraPDF-validation-profiles-integration/PDF_UA/1/7.2 Text/verapdf-profile-7-2-t15.xml,1062,627130afaed62004142c75128dc42a567dfe4dbe388a60aefdb38b75b453dd6e
montefiore_pdfua_unified_v5_02_scripts_2026-05-19,montefiore_pdfua_unified_v5_02_scripts_2026-05-19/scripts/validation_profiles/veraPDF-validation-profiles-integration/PDF_UA/1/7.2 Text/verapdf-profile-7-2-t16.xml,1290,d468b7ec2de6f84fbd760a312b7f57ba3437100e40997c467bd4037dfee53f64
montefiore_pdfua_unified_v5_02_scripts_2026-05-19,montefiore_pdfua_unified_v5_02_scripts_2026-05-19/scripts/validation_profiles/veraPDF-validation-profiles-integration/PDF_UA/1/7.2 Text/verapdf-profile-7-2-t17.xml,1109,028e5df7c534b37a50a89b8e278907e56139bb77129d096999a6dc343c87b249
montefiore_pdfua_unified_v5_02_scripts_2026-05-19,montefiore_pdfua_unified_v5_02_scripts_2026-05-19/scripts/validation_profiles/veraPDF-validation-profiles-integration/PDF_UA/1/7.2 Text/verapdf-profile-7-2-t18.xml,1128,934937e257a202c32baaa7e23f10ab9a9385b5ce628999082e71ff9f0fd8f7ae
montefiore_pdfua_unified_v5_02_scripts_2026-05-19,montefiore_pdfua_unified_v5_02_scripts_2026-05-19/scripts/validation_profiles/veraPDF-validation-profiles-integration/PDF_UA/1/7.2 Text/verapdf-profile-7-2-t19.xml,1421,6bc8e560dcb63f42c9112ccfaf7fd624492992a954b474e223271228fd835056
montefiore_pdfua_unified_v5_02_scripts_2026-05-19,montefiore_pdfua_unified_v5_02_scripts_2026-05-19/scripts/validation_profiles/veraPDF-validation-profiles-integration/PDF_UA/1/7.2 Text/verapdf-profile-7-2-t20.xml,1280,8b4b238f437537da9afc65a3b7bd4ba81c2dc1317c3c9d34fbf1790da64ec17a
montefiore_pdfua_unified_v5_02_scripts_2026-05-19,montefiore_pdfua_unified_v5_02_scripts_2026-05-19/scripts/validation_profiles/veraPDF-validation-profiles-integration/PDF_UA/1/7.2 Text/verapdf-profile-7-2-t21.xml,1265,e566e8f7f8a085221e7d6b8feaf0c9503e1f765f010efa1059eda5b4cdd4731d
montefiore_pdfua_unified_v5_02_scripts_2026-05-19,montefiore_pdfua_unified_v5_02_scripts_2026-05-19/scripts/validation_profiles/veraPDF-validation-profiles-integration/PDF_UA/1/7.2 Text/verapdf-profile-7-2-t22.xml,1230,b00f56a7ac697332fe432cee800c6f47b326489dd3dd9deb880b472be77f44ca
montefiore_pdfua_unified_v5_02_scripts_2026-05-19,montefiore_pdfua_unified_v5_02_scripts_2026-05-19/scripts/validation_profiles/veraPDF-validation-profiles-integration/PDF_UA/1/7.2 Text/verapdf-profile-7-2-t23.xml,1220,8697bb5c520e8e28333cd3ef2fca09e95bc50e197ee8cef44601ca0f951f09a2
montefiore_pdfua_unified_v5_02_scripts_2026-05-19,montefiore_pdfua_unified_v5_02_scripts_2026-05-19/scripts/validation_profiles/veraPDF-validation-profiles-integration/PDF_UA/1/7.2 Text/verapdf-profile-7-2-t24.xml,1307,4840a6b230796f3ba848e6602fa072d88571573b134c7c8ede372c613331d370
montefiore_pdfua_unified_v5_02_scripts_2026-05-19,montefiore_pdfua_unified_v5_02_scripts_2026-05-19/scripts/validation_profiles/veraPDF-validation-profiles-integration/PDF_UA/1/7.2 Text/verapdf-profile-7-2-t25.xml,1220,49652f1ef3742bc711482f857518183dcc6034158fee25631976950874550950
montefiore_pdfua_unified_v5_02_scripts_2026-05-19,montefiore_pdfua_unified_v5_02_scripts_2026-05-19/scripts/validation_profiles/veraPDF-validation-profiles-integration/PDF_UA/1/7.2 Text/verapdf-profile-7-2-t26.xml,1124,5cbb3fd7ce29c79fa347ff94b39a2f65c9baed23285c1cfb9d4dec70d089b026
montefiore_pdfua_unified_v5_02_scripts_2026-05-19,montefiore_pdfua_unified_v5_02_scripts_2026-05-19/scripts/validation_profiles/veraPDF-validation-profiles-integration/PDF_UA/1/7.2 Text/verapdf-profile-7-2-t27.xml,1448,4e8d4c6a2530f5b9628e01e0dca424ff9a337bc7496ee9d3457e270f2fc6ce51
montefiore_pdfua_unified_v5_02_scripts_2026-05-19,montefiore_pdfua_unified_v5_02_scripts_2026-05-19/scripts/validation_profiles/veraPDF-validation-profiles-integration/PDF_UA/1/7.2 Text/verapdf-profile-7-2-t28.xml,1324,92ea33e48573e5d33052fb36df5a11ab9e7da4b892040b553ef97288d39f6c8b
montefiore_pdfua_unified_v5_02_scripts_2026-05-19,montefiore_pdfua_unified_v5_02_scripts_2026-05-19/scripts/validation_profiles/veraPDF-validation-profiles-integration/PDF_UA/1/7.2 Text/verapdf-profile-7-2-t29.xml,1784,55e12b5052f669ea54e4fc570f3fe52121d7a23d03124676293eedbc36dab8ad
montefiore_pdfua_unified_v5_02_scripts_2026-05-19,montefiore_pdfua_unified_v5_02_scripts_2026-05-19/scripts/validation_profiles/veraPDF-validation-profiles-integration/PDF_UA/1/7.2 Text/verapdf-profile-7-2-t30.xml,1333,e77f128f4c61ed83206f30d0d9f2d1726bd8f67fd7b7dc78994d6618d4ee5dfd
montefiore_pdfua_unified_v5_02_scripts_2026-05-19,montefiore_pdfua_unified_v5_02_scripts_2026-05-19/scripts/validation_profiles/veraPDF-validation-profiles-integration/PDF_UA/1/7.2 Text/verapdf-profile-7-2-t31.xml,1298,fce5e699bc1bffe19186992c921873d9175c288d7590caaaa5fd8db826fe9012
montefiore_pdfua_unified_v5_02_scripts_2026-05-19,montefiore_pdfua_unified_v5_02_scripts_2026-05-19/scripts/validation_profiles/veraPDF-validation-profiles-integration/PDF_UA/1/7.2 Text/verapdf-profile-7-2-t32.xml,1288,8a28a22707c5ba3f847c2daa7bb02a3f309074912c8ff14694bd21c9caf17428
montefiore_pdfua_unified_v5_02_scripts_2026-05-19,montefiore_pdfua_unified_v5_02_scripts_2026-05-19/scripts/validation_profiles/veraPDF-validation-profiles-integration/PDF_UA/1/7.2 Text/verapdf-profile-7-2-t33.xml,1196,6083eb4a782b131b5e7c91dd6f4154481201ed2ef8144118a06db5e584b9925c
montefiore_pdfua_unified_v5_02_scripts_2026-05-19,montefiore_pdfua_unified_v5_02_scripts_2026-05-19/scripts/validation_profiles/veraPDF-validation-profiles-integration/PDF_UA/1/7.2 Text/verapdf-profile-7-2-t34.xml,1176,2ffcd98bf25e165b21d1913bbeae43a4e9329ff1cb1deaef5e425ce24a84d342
montefiore_pdfua_unified_v5_02_scripts_2026-05-19,montefiore_pdfua_unified_v5_02_scripts_2026-05-19/scripts/validation_profiles/veraPDF-validation-profiles-integration/PDF_UA/1/7.2 Text/verapdf-profile-7-2-t36.xml,1254,e0b1970a63ac950efc6bd289867765bf0c0da92d367081722cff2817690a5579
montefiore_pdfua_unified_v5_02_scripts_2026-05-19,montefiore_pdfua_unified_v5_02_scripts_2026-05-19/scripts/validation_profiles/veraPDF-validation-profiles-integration/PDF_UA/1/7.2 Text/verapdf-profile-7-2-t37.xml,1254,89257dea8fec46799e8c23217bee6d46bc8d4d9f98263b57f352c1bee5c064a1
montefiore_pdfua_unified_v5_02_scripts_2026-05-19,montefiore_pdfua_unified_v5_02_scripts_2026-05-19/scripts/validation_profiles/veraPDF-validation-profiles-integration/PDF_UA/1/7.2 Text/verapdf-profile-7-2-t38.xml,1254,bd01455c8cec923d03b9027fbb8d4252a85fb6ae62542fe4ab4d4b66a834b86e
montefiore_pdfua_unified_v5_02_scripts_2026-05-19,montefiore_pdfua_unified_v5_02_scripts_2026-05-19/scripts/validation_profiles/veraPDF-validation-profiles-integration/PDF_UA/1/7.2 Text/verapdf-profile-7-2-t39.xml,1257,59a354362f9c0682221481d1322e76c4e6e01c825d590df1f0c949bca87560be
montefiore_pdfua_unified_v5_02_scripts_2026-05-19,montefiore_pdfua_unified_v5_02_scripts_2026-05-19/scripts/validation_profiles/veraPDF-validation-profiles-integration/PDF_UA/1/7.2 Text/verapdf-profile-7-2-t40.xml,1318,aaf70ff73c4f9a10c40fe29a24e5afe2338e795ea383d5340e5c3e6f066a869a
montefiore_pdfua_unified_v5_02_scripts_2026-05-19,montefiore_pdfua_unified_v5_02_scripts_2026-05-19/scripts/validation_profiles/veraPDF-validation-profiles-integration/PDF_UA/1/7.2 Text/verapdf-profile-7-2-t41.xml,1222,875ad51c56fa55a4ba0c870696658c5888ec0770effa517b4bdb10fbc0669ab1
montefiore_pdfua_unified_v5_02_scripts_2026-05-19,montefiore_pdfua_unified_v5_02_scripts_2026-05-19/scripts/validation_profiles/veraPDF-validation-profiles-integration/PDF_UA/1/7.2 Text/verapdf-profile-7-2-t42.xml,1255,bce44fa0e04a51604928761397b8c95a20345dc87194f1ccc71e1a0c2eea1405
montefiore_pdfua_unified_v5_02_scripts_2026-05-19,montefiore_pdfua_unified_v5_02_scripts_2026-05-19/scripts/validation_profiles/veraPDF-validation-profiles-integration/PDF_UA/1/7.2 Text/verapdf-profile-7-2-t43.xml,1389,539d843caa694fb1c07412fbb1c4c2b5bfa1ae75ff690e4c66f0e32e7e0112b6
montefiore_pdfua_unified_v5_02_scripts_2026-05-19,montefiore_pdfua_unified_v5_02_scripts_2026-05-19/scripts/validation_profiles/veraPDF-validation-profiles-integration/PDF_UA/1/7.20 XObjects/verapdf-profile-7-20-t01.xml,980,02fe3a0e95630eb7ac46b7f475caab6e1d31e83ad6b3b99cb48baece25819281
montefiore_pdfua_unified_v5_02_scripts_2026-05-19,montefiore_pdfua_unified_v5_02_scripts_2026-05-19/scripts/validation_profiles/veraPDF-validation-profiles-integration/PDF_UA/1/7.20 XObjects/verapdf-profile-7-20-t02.xml,1193,8e7d6b235f74733cd404f4cb882e9c1905eae146eaa5d0104d204cbd394375cd
montefiore_pdfua_unified_v5_02_scripts_2026-05-19,montefiore_pdfua_unified_v5_02_scripts_2026-05-19/scripts/validation_profiles/veraPDF-validation-profiles-integration/PDF_UA/1/7.21 Fonts/7.21.3 Composite fonts/7.21.3.1 General/verapdf-profile-7-21-3-1-t01.xml,3153,f4a3c45880c39a1a7130310300314a7b83d9b966cb417341e586f5af02b5284b
montefiore_pdfua_unified_v5_02_scripts_2026-05-19,montefiore_pdfua_unified_v5_02_scripts_2026-05-19/scripts/validation_profiles/veraPDF-validation-profiles-integration/PDF_UA/1/7.21 Fonts/7.21.3 Composite fonts/7.21.3.2 CIDFonts/verapdf-profile-7-21-3-2-t01.xml,1590,1497f8f61756c7cfba41cfbabf9377fe482e345d7df80b5639da0843dabfeecb
montefiore_pdfua_unified_v5_02_scripts_2026-05-19,montefiore_pdfua_unified_v5_02_scripts_2026-05-19/scripts/validation_profiles/veraPDF-validation-profiles-integration/PDF_UA/1/7.21 Fonts/7.21.3 Composite fonts/7.21.3.3 CMaps/verapdf-profile-7-21-3-3-t01.xml,3761,ec2c81c1159a539de705b5de1e41d92f90d2f07361d175133ffe8513765d111a
montefiore_pdfua_unified_v5_02_scripts_2026-05-19,montefiore_pdfua_unified_v5_02_scripts_2026-05-19/scripts/validation_profiles/veraPDF-validation-profiles-integration/PDF_UA/1/7.21 Fonts/7.21.3 Composite fonts/7.21.3.3 CMaps/verapdf-profile-7-21-3-3-t02.xml,1342,22f4833a6c93129d722c34b935a94bf439c2b80a05f5d9f2858398da9580e68a
montefiore_pdfua_unified_v5_02_scripts_2026-05-19,montefiore_pdfua_unified_v5_02_scripts_2026-05-19/scripts/validation_profiles/veraPDF-validation-profiles-integration/PDF_UA/1/7.21 Fonts/7.21.3 Composite fonts/7.21.3.3 CMaps/verapdf-profile-7-21-3-3-t03.xml,3610,707033ea2de8a6552a7fc93c67ba53fdd43d494ce36658e0e80da09e2266a319
montefiore_pdfua_unified_v5_02_scripts_2026-05-19,montefiore_pdfua_unified_v5_02_scripts_2026-05-19/scripts/validation_profiles/veraPDF-validation-profiles-integration/PDF_UA/1/7.21 Fonts/7.21.4 Embedding/7.21.4.1 General/verapdf-profile-7-21-4-1-t01.xml,1304,41bf9878c5571e2a7d7dd4b40e73d75a39d54605496053223538c5e48197238b
montefiore_pdfua_unified_v5_02_scripts_2026-05-19,montefiore_pdfua_unified_v5_02_scripts_2026-05-19/scripts/validation_profiles/veraPDF-validation-profiles-integration/PDF_UA/1/7.21 Fonts/7.21.4 Embedding/7.21.4.1 General/verapdf-profile-7-21-4-1-t02.xml,2183,f1d1183a736762b0e7da0f715b30436ba8533f17e57c5a1c9109d7f348242d02
montefiore_pdfua_unified_v5_02_scripts_2026-05-19,montefiore_pdfua_unified_v5_02_scripts_2026-05-19/scripts/validation_profiles/veraPDF-validation-profiles-integration/PDF_UA/1/7.21 Fonts/7.21.4 Embedding/7.21.4.2 Subset embedding/verapdf-profile-7-21-4-2-t01.xml,1526,2e05573980d88b4855f833287ef37fb8f6c31f482864b30106477d54889d5046
montefiore_pdfua_unified_v5_02_scripts_2026-05-19,montefiore_pdfua_unified_v5_02_scripts_2026-05-19/scripts/validation_profiles/veraPDF-validation-profiles-integration/PDF_UA/1/7.21 Fonts/7.21.4 Embedding/7.21.4.2 Subset embedding/verapdf-profile-7-21-4-2-t02.xml,1493,4084c28d95ff7f118d89dc1f4fcc577c6882ac7ddaf08f582b7f806ef8ba1db9
montefiore_pdfua_unified_v5_02_scripts_2026-05-19,montefiore_pdfua_unified_v5_02_scripts_2026-05-19/scripts/validation_profiles/veraPDF-validation-profiles-integration/PDF_UA/1/7.21 Fonts/7.21.5 Font metrics/verapdf-profile-7-21-5-t01.xml,1552,856471982288ba04da63a42be1c852657bf703e00bb940e87919e92992fd6b82
montefiore_pdfua_unified_v5_02_scripts_2026-05-19,montefiore_pdfua_unified_v5_02_scripts_2026-05-19/scripts/validation_profiles/veraPDF-validation-profiles-integration/PDF_UA/1/7.21 Fonts/7.21.6 Character encodings/verapdf-profile-7-21-6-t01.xml,1417,749770ccc9677f2c3378bdc4cdb84083804ed1a89cdb4128dfb46f2249ec38be
montefiore_pdfua_unified_v5_02_scripts_2026-05-19,montefiore_pdfua_unified_v5_02_scripts_2026-05-19/scripts/validation_profiles/veraPDF-validation-profiles-integration/PDF_UA/1/7.21 Fonts/7.21.6 Character encodings/verapdf-profile-7-21-6-t02.xml,2735,80402c2e7bd51673d32c12c3f02829d9b32a8fb62c153bbf549bdbaa136a086e
montefiore_pdfua_unified_v5_02_scripts_2026-05-19,montefiore_pdfua_unified_v5_02_scripts_2026-05-19/scripts/validation_profiles/veraPDF-validation-profiles-integration/PDF_UA/1/7.21 Fonts/7.21.6 Character encodings/verapdf-profile-7-21-6-t03.xml,1073,f93ea09d3aa5494c502735df623831a35625abfae8745bd28e05ffee42d23e1d
montefiore_pdfua_unified_v5_02_scripts_2026-05-19,montefiore_pdfua_unified_v5_02_scripts_2026-05-19/scripts/validation_profiles/veraPDF-validation-profiles-integration/PDF_UA/1/7.21 Fonts/7.21.6 Character encodings/verapdf-profile-7-21-6-t04.xml,1624,8613902839b58475eec733a2a466abdbbb36cc2692b9d2dd1847894ce7c16860
montefiore_pdfua_unified_v5_02_scripts_2026-05-19,montefiore_pdfua_unified_v5_02_scripts_2026-05-19/scripts/validation_profiles/veraPDF-validation-profiles-integration/PDF_UA/1/7.21 Fonts/7.21.7 Unicode character maps/verapdf-profile-7-21-7-t01.xml,1333,113c2a87c269374b559162a3c9b0a6aa1924e8c1b750ecb5131596a3b4ce2a55
montefiore_pdfua_unified_v5_02_scripts_2026-05-19,montefiore_pdfua_unified_v5_02_scripts_2026-05-19/scripts/validation_profiles/veraPDF-validation-profiles-integration/PDF_UA/1/7.21 Fonts/7.21.7 Unicode character maps/verapdf-profile-7-21-7-t02.xml,1279,5ae2989f19d4cf603cda2309e6939432d6b83e7baa8ac697c0bca12b247bbce4
montefiore_pdfua_unified_v5_02_scripts_2026-05-19,montefiore_pdfua_unified_v5_02_scripts_2026-05-19/scripts/validation_profiles/veraPDF-validation-profiles-integration/PDF_UA/1/7.21 Fonts/7.21.8 Use of .notdef glyph/verapdf-profile-7-21-8-t01.xml,1224,dcb87186b453e8cf6fcc299829874c5d0e857f2ad1f57890dd52eaeb963bd1b4
montefiore_pdfua_unified_v5_02_scripts_2026-05-19,montefiore_pdfua_unified_v5_02_scripts_2026-05-19/scripts/validation_profiles/veraPDF-validation-profiles-integration/PDF_UA/1/7.3 Graphics/verapdf-profile-7-3-t01.xml,1430,8679a42372ef07f38cd51aefb5cb3762668be834e748c8b44aa75f7b65364554
montefiore_pdfua_unified_v5_02_scripts_2026-05-19,montefiore_pdfua_unified_v5_02_scripts_2026-05-19/scripts/validation_profiles/veraPDF-validation-profiles-integration/PDF_UA/1/7.4 Headings/7.4.2 Numbered headings/verapdf-profile-7-4-2-t01.xml,2549,784f555e9985f4522808b594b2b3b347bf3f7ac2064974a5666579ff617a32d2
montefiore_pdfua_unified_v5_02_scripts_2026-05-19,montefiore_pdfua_unified_v5_02_scripts_2026-05-19/scripts/validation_profiles/veraPDF-validation-profiles-integration/PDF_UA/1/7.4 Headings/7.4.4 Unnumbered headings/verapdf-profile-7-4-4-t01.xml,1038,1bbb8b61eda639e1105c955a340a8c6df36b61df6207a6165b23e7129370a85a
montefiore_pdfua_unified_v5_02_scripts_2026-05-19,montefiore_pdfua_unified_v5_02_scripts_2026-05-19/scripts/validation_profiles/veraPDF-validation-profiles-integration/PDF_UA/1/7.4 Headings/7.4.4 Unnumbered headings/verapdf-profile-7-4-4-t02.xml,1158,4ed4d121937e79010e694568e9560ebe1ff8af1c7bf6795de00fe027a7b8fa18
montefiore_pdfua_unified_v5_02_scripts_2026-05-19,montefiore_pdfua_unified_v5_02_scripts_2026-05-19/scripts/validation_profiles/veraPDF-validation-profiles-integration/PDF_UA/1/7.4 Headings/7.4.4 Unnumbered headings/verapdf-profile-7-4-4-t03.xml,1156,d9e27e702fcb89f1d9f0938d96f98c102040784a27abc14f92f7382212fcb1d6
montefiore_pdfua_unified_v5_02_scripts_2026-05-19,montefiore_pdfua_unified_v5_02_scripts_2026-05-19/scripts/validation_profiles/veraPDF-validation-profiles-integration/PDF_UA/1/7.5 Tables/verapdf-profile-7-5-t01.xml,1319,4dd898c43a835b203eae0c3f0d49dba4461bef6c28996e4e50d215b62b372661
montefiore_pdfua_unified_v5_02_scripts_2026-05-19,montefiore_pdfua_unified_v5_02_scripts_2026-05-19/scripts/validation_profiles/veraPDF-validation-profiles-integration/PDF_UA/1/7.5 Tables/verapdf-profile-7-5-t02.xml,1402,cbd98fe0e2325a6d4a03ba62c93397bc4bad030523fb6415112b24c0950861b7
montefiore_pdfua_unified_v5_02_scripts_2026-05-19,montefiore_pdfua_unified_v5_02_scripts_2026-05-19/scripts/validation_profiles/veraPDF-validation-profiles-integration/PDF_UA/1/7.7 Mathematical expressions/verapdf-profile-7-7-t01.xml,1381,629c16e1e78ed3ac51d1bdd02ca99c331f4904b1724deebef3ea8ca12cd6676b
montefiore_pdfua_unified_v5_02_scripts_2026-05-19,montefiore_pdfua_unified_v5_02_scripts_2026-05-19/scripts/validation_profiles/veraPDF-validation-profiles-integration/PDF_UA/1/7.9 Notes and references/verapdf-profile-7-9-t01.xml,894,0e7ced4832e32ff05d18c2f897cb34dcd9dc2f558120a0c9aa678efe52a21ff1
montefiore_pdfua_unified_v5_02_scripts_2026-05-19,montefiore_pdfua_unified_v5_02_scripts_2026-05-19/scripts/validation_profiles/veraPDF-validation-profiles-integration/PDF_UA/1/7.9 Notes and references/verapdf-profile-7-9-t02.xml,988,40be5a0a7c2230f1ac0e191a5db31def160505daf7913e7d245fac9c35b3389d
montefiore_pdfua_unified_v5_02_scripts_2026-05-19,montefiore_pdfua_unified_v5_02_scripts_2026-05-19/scripts/validation_profiles/veraPDF-validation-profiles-integration/PDF_UA/2/5 Version identification/verapdf-profile-5-t01.xml,1187,058479e430c35b141761b9ad67273d6c92fdd2f75b013fb5b9a19ba9945a0119
montefiore_pdfua_unified_v5_02_scripts_2026-05-19,montefiore_pdfua_unified_v5_02_scripts_2026-05-19/scripts/validation_profiles/veraPDF-validation-profiles-integration/PDF_UA/2/5 Version identification/verapdf-profile-5-t02.xml,1261,0ec3dff3efcd35cc687c8f4b77e6e9078fb01c96e6fe8acdbcfe520aead82765
montefiore_pdfua_unified_v5_02_scripts_2026-05-19,montefiore_pdfua_unified_v5_02_scripts_2026-05-19/scripts/validation_profiles/veraPDF-validation-profiles-integration/PDF_UA/2/5 Version identification/verapdf-profile-5-t03.xml,1223,de627a6dfb0ada78bd6b58b48c897d45eee2a512dd3a942ceadea5a337431f64
montefiore_pdfua_unified_v5_02_scripts_2026-05-19,montefiore_pdfua_unified_v5_02_scripts_2026-05-19/scripts/validation_profiles/veraPDF-validation-profiles-integration/PDF_UA/2/5 Version identification/verapdf-profile-5-t04.xml,1216,d8e48e045b0d43f65f8b2671949eb3d8cf3353608740fd588797937386580c49
montefiore_pdfua_unified_v5_02_scripts_2026-05-19,montefiore_pdfua_unified_v5_02_scripts_2026-05-19/scripts/validation_profiles/veraPDF-validation-profiles-integration/PDF_UA/2/5 Version identification/verapdf-profile-5-t05.xml,1066,307f7ed24f672b63cd2295d3c1097440f28c0c8e0fc8ca50d264b50086925c4e
montefiore_pdfua_unified_v5_02_scripts_2026-05-19,montefiore_pdfua_unified_v5_02_scripts_2026-05-19/scripts/validation_profiles/veraPDF-validation-profiles-integration/PDF_UA/2/6 Conformance requirements/6.2 Conforming files/verapdf-profile-6-2-t01.xml,1467,1fe9e6db92e01903a3369f0e0a64c9730ffb944a0b44588344e9694f1e563bdf
montefiore_pdfua_unified_v5_02_scripts_2026-05-19,montefiore_pdfua_unified_v5_02_scripts_2026-05-19/scripts/validation_profiles/veraPDF-validation-profiles-integration/PDF_UA/2/8.10 Forms/8.10.1 General/verapdf-profile-8-10-1-t01.xml,1417,9d556a2e837135a269cb926bdca7ec7ee3df4b3deb53f39f8d82ee0b22bbb38c
montefiore_pdfua_unified_v5_02_scripts_2026-05-19,montefiore_pdfua_unified_v5_02_scripts_2026-05-19/scripts/validation_profiles/veraPDF-validation-profiles-integration/PDF_UA/2/8.10 Forms/8.10.1 General/verapdf-profile-8-10-1-t02.xml,1100,3a319b7b769a9a5d8abb635133dd4df7f9747bf2b955279cba228a47a9ea881b
montefiore_pdfua_unified_v5_02_scripts_2026-05-19,montefiore_pdfua_unified_v5_02_scripts_2026-05-19/scripts/validation_profiles/veraPDF-validation-profiles-integration/PDF_UA/2/8.10 Forms/8.10.1 General/verapdf-profile-8-10-1-t03.xml,974,ee0689068cf3944162703a895440178a354c317b54aa4185d6f103a0aae008a6
montefiore_pdfua_unified_v5_02_scripts_2026-05-19,montefiore_pdfua_unified_v5_02_scripts_2026-05-19/scripts/validation_profiles/veraPDF-validation-profiles-integration/PDF_UA/2/8.10 Forms/8.10.2 Context/8.10.2.3 Contents entry/verapdf-profile-8-10-2-3-t01.xml,1264,90bc6cd497eb8ed350a6ff0660ad5ccc69321b11353eebab0e4e42e97c61e1e6
montefiore_pdfua_unified_v5_02_scripts_2026-05-19,montefiore_pdfua_unified_v5_02_scripts_2026-05-19/scripts/validation_profiles/veraPDF-validation-profiles-integration/PDF_UA/2/8.10 Forms/8.10.2 Context/8.10.2.3 Contents entry/verapdf-profile-8-10-2-3-t02.xml,1417,475881691bce517eec423a44069e548b0637176ebeea93b6627e0514c84a75fb
montefiore_pdfua_unified_v5_02_scripts_2026-05-19,montefiore_pdfua_unified_v5_02_scripts_2026-05-19/scripts/validation_profiles/veraPDF-validation-profiles-integration/PDF_UA/2/8.10 Forms/8.10.3 Fields/8.10.3.3 Text fields/verapdf-profile-8-10-3-3-t01.xml,1509,a30aceac108deb94a649a5f575e77a92e773fa5c57a67eec84137967765b6bbc
montefiore_pdfua_unified_v5_02_scripts_2026-05-19,montefiore_pdfua_unified_v5_02_scripts_2026-05-19/scripts/validation_profiles/veraPDF-validation-profiles-integration/PDF_UA/2/8.10 Forms/8.10.3 Fields/8.10.3.5 Signature fields/verapdf-profile-8-10-3-5-t01.xml,1269,5347f508aa7d4da4993136f3562b96952965a2601328f2d3a97ccf5dd85b97b1
montefiore_pdfua_unified_v5_02_scripts_2026-05-19,montefiore_pdfua_unified_v5_02_scripts_2026-05-19/scripts/validation_profiles/veraPDF-validation-profiles-integration/PDF_UA/2/8.11 Metadata/8.11.1 General/verapdf-profile-8-11-1-t01.xml,1214,387529f206009c02e9e7ba31cb5dd29d9d3a4a3f42c9d0978a6e1479098a398c
montefiore_pdfua_unified_v5_02_scripts_2026-05-19,montefiore_pdfua_unified_v5_02_scripts_2026-05-19/scripts/validation_profiles/veraPDF-validation-profiles-integration/PDF_UA/2/8.11 Metadata/8.11.1 General/verapdf-profile-8-11-1-t02.xml,1694,f8dec223ff5e99a98bc352db8202fc3ac05c0f8adf5d465cc7a624fb23792a95
montefiore_pdfua_unified_v5_02_scripts_2026-05-19,montefiore_pdfua_unified_v5_02_scripts_2026-05-19/scripts/validation_profiles/veraPDF-validation-profiles-integration/PDF_UA/2/8.11 Metadata/8.11.2 Interactive aspects/verapdf-profile-8-11-2-t01.xml,1751,4eda5f9ec1e4775fc15777992ce69b0fc09521caa273bd6db21d904a3b9b87e5
montefiore_pdfua_unified_v5_02_scripts_2026-05-19,montefiore_pdfua_unified_v5_02_scripts_2026-05-19/scripts/validation_profiles/veraPDF-validation-profiles-integration/PDF_UA/2/8.14 Use of embedded files/8.14.1 Descriptions for embedded files/verapdf-profile-8-14-1-t01.xml,1254,0f9edd693492581c18773727eb3eb6f83e3029819bb522aa14df32ec64a26f5a
montefiore_pdfua_unified_v5_02_scripts_2026-05-19,montefiore_pdfua_unified_v5_02_scripts_2026-05-19/scripts/validation_profiles/veraPDF-validation-profiles-integration/PDF_UA/2/8.2 Logical structure/8.2.1 General/verapdf-profile-8-2-1-t01.xml,1410,209a5e1b4387553276f24949724c5d732348c175e263745098b5b4761cb8f841
montefiore_pdfua_unified_v5_02_scripts_2026-05-19,montefiore_pdfua_unified_v5_02_scripts_2026-05-19/scripts/validation_profiles/veraPDF-validation-profiles-integration/PDF_UA/2/8.2 Logical structure/8.2.1 General/verapdf-profile-8-2-1-t02.xml,1263,eaa7c759ddcdac59745da6aac6d3e458a332c3d3197267d73541525cce48e9a3
montefiore_pdfua_unified_v5_02_scripts_2026-05-19,montefiore_pdfua_unified_v5_02_scripts_2026-05-19/scripts/validation_profiles/veraPDF-validation-profiles-integration/PDF_UA/2/8.2 Logical structure/8.2.2 Real content/verapdf-profile-8-2-2-t01.xml,1058,d90fff89c547c74a482fa1a02d41871986df5bcd453aac716fb24d29c1bcdd8c
montefiore_pdfua_unified_v5_02_scripts_2026-05-19,montefiore_pdfua_unified_v5_02_scripts_2026-05-19/scripts/validation_profiles/veraPDF-validation-profiles-integration/PDF_UA/2/8.2 Logical structure/8.2.4 Structure types/verapdf-profile-8-2-4-t01.xml,1638,043a8413aec3df7e537bc6eb1d60464ef8b0afb70865d5946e4623b0f6bc3864
montefiore_pdfua_unified_v5_02_scripts_2026-05-19,montefiore_pdfua_unified_v5_02_scripts_2026-05-19/scripts/validation_profiles/veraPDF-validation-profiles-integration/PDF_UA/2/8.2 Logical structure/8.2.4 Structure types/verapdf-profile-8-2-4-t02.xml,1029,93ac9ac571d5f9b707d88b30ea1e146e98fcb820d8ebcdafa3400813e4f61336
montefiore_pdfua_unified_v5_02_scripts_2026-05-19,montefiore_pdfua_unified_v5_02_scripts_2026-05-19/scripts/validation_profiles/veraPDF-validation-profiles-integration/PDF_UA/2/8.2 Logical structure/8.2.4 Structure types/verapdf-profile-8-2-4-t03.xml,1309,30cbedad4e0be2abe708f0201459699ec48ac28297bc741cf0b0c91390515400
montefiore_pdfua_unified_v5_02_scripts_2026-05-19,montefiore_pdfua_unified_v5_02_scripts_2026-05-19/scripts/validation_profiles/veraPDF-validation-profiles-integration/PDF_UA/2/8.2 Logical structure/8.2.4 Structure types/verapdf-profile-8-2-4-t04.xml,1648,c1c38cc85d1832d517cc81b96b4185e2847629d256daacd07bf11f5f231ae018
montefiore_pdfua_unified_v5_02_scripts_2026-05-19,montefiore_pdfua_unified_v5_02_scripts_2026-05-19/scripts/validation_profiles/veraPDF-validation-profiles-integration/PDF_UA/2/8.2 Logical structure/8.2.5 Additional requirements for specific structure types/8.2.5.12 Heading (Hn) and (H)/verapdf-profile-8-2-5-12-t01.xml,933,34fb5b85cb0b40d167b4b71b6686272bbf87ba68e55b2699bff1d2853d38de7d
montefiore_pdfua_unified_v5_02_scripts_2026-05-19,montefiore_pdfua_unified_v5_02_scripts_2026-05-19/scripts/validation_profiles/veraPDF-validation-profiles-integration/PDF_UA/2/8.2 Logical structure/8.2.5 Additional requirements for specific structure types/8.2.5.14 Footnotes and Endnotes (FENote)/verapdf-profile-8-2-5-14-t01.xml,1164,3753adee9067d7710ea2eba7eb2fa25c7cc35ca5b5bb5b236887aa16d4113cfd
montefiore_pdfua_unified_v5_02_scripts_2026-05-19,montefiore_pdfua_unified_v5_02_scripts_2026-05-19/scripts/validation_profiles/veraPDF-validation-profiles-integration/PDF_UA/2/8.2 Logical structure/8.2.5 Additional requirements for specific structure types/8.2.5.14 Footnotes and Endnotes (FENote)/verapdf-profile-8-2-5-14-t02.xml,1716,4c7cbe9da3196e5facad69e64c9bc97477a36df19b5cf8e8f6d07012876b56d5
montefiore_pdfua_unified_v5_02_scripts_2026-05-19,montefiore_pdfua_unified_v5_02_scripts_2026-05-19/scripts/validation_profiles/veraPDF-validation-profiles-integration/PDF_UA/2/8.2 Logical structure/8.2.5 Additional requirements for specific structure types/8.2.5.14 Footnotes and Endnotes (FENote)/verapdf-profile-8-2-5-14-t03.xml,1712,aa6838c8b64d8056efc60ca0215eb69503855c84d1b947bc65415953153bad76
montefiore_pdfua_unified_v5_02_scripts_2026-05-19,montefiore_pdfua_unified_v5_02_scripts_2026-05-19/scripts/validation_profiles/veraPDF-validation-profiles-integration/PDF_UA/2/8.2 Logical structure/8.2.5 Additional requirements for specific structure types/8.2.5.14 Footnotes and Endnotes (FENote)/verapdf-profile-8-2-5-14-t04.xml,1267,b056b635db8cb5fe844a515d3aba1fa8307ffbad478f64c9bc0d7d51df5398f5
montefiore_pdfua_unified_v5_02_scripts_2026-05-19,montefiore_pdfua_unified_v5_02_scripts_2026-05-19/scripts/validation_profiles/veraPDF-validation-profiles-integration/PDF_UA/2/8.2 Logical structure/8.2.5 Additional requirements for specific structure types/8.2.5.2 Document and DocumentFragment/verapdf-profile-8-2-5-2-t01.xml,1715,7bc67e05bb95d303e93d6e0a153ea082f9961850668e40256fecabb89cf09c6c
montefiore_pdfua_unified_v5_02_scripts_2026-05-19,montefiore_pdfua_unified_v5_02_scripts_2026-05-19/scripts/validation_profiles/veraPDF-validation-profiles-integration/PDF_UA/2/8.2 Logical structure/8.2.5 Additional requirements for specific structure types/8.2.5.2 Document and DocumentFragment/verapdf-profile-8-2-5-2-t02.xml,1877,1929c7d3aee8ad464d5d86a3b41358f519fbae7307d46b5454dbb12f2cc3cff6
montefiore_pdfua_unified_v5_02_scripts_2026-05-19,montefiore_pdfua_unified_v5_02_scripts_2026-05-19/scripts/validation_profiles/veraPDF-validation-profiles-integration/PDF_UA/2/8.2 Logical structure/8.2.5 Additional requirements for specific structure types/8.2.5.20 Link and Reference/verapdf-profile-8-2-5-20-t01.xml,1476,8c92a7739858a9ee2c90e9ba565b6ab269db5204c1246948a31faddeed75ce07
montefiore_pdfua_unified_v5_02_scripts_2026-05-19,montefiore_pdfua_unified_v5_02_scripts_2026-05-19/scripts/validation_profiles/veraPDF-validation-profiles-integration/PDF_UA/2/8.2 Logical structure/8.2.5 Additional requirements for specific structure types/8.2.5.20 Link and Reference/verapdf-profile-8-2-5-20-t02.xml,1388,1f60d22e216c49e2d20e9e2e1002e4843d70238307560f9c893d0c6f8e51c83e
montefiore_pdfua_unified_v5_02_scripts_2026-05-19,"montefiore_pdfua_unified_v5_02_scripts_2026-05-19/scripts/validation_profiles/veraPDF-validation-profiles-integration/PDF_UA/2/8.2 Logical structure/8.2.5 Additional requirements for specific structure types/8.2.5.23 Ruby (Ruby, RB, RT, RP)/verapdf-profile-8-2-5-23-t01.xml",1474,f53f4a79b9eec05b7c7f4b44a7637ee3c63f21bc2e8d2e9d24c3f3f2472349a3
montefiore_pdfua_unified_v5_02_scripts_2026-05-19,"montefiore_pdfua_unified_v5_02_scripts_2026-05-19/scripts/validation_profiles/veraPDF-validation-profiles-integration/PDF_UA/2/8.2 Logical structure/8.2.5 Additional requirements for specific structure types/8.2.5.24 Warichu (WT, WP)/verapdf-profile-8-2-5-24-t01.xml",1384,e89175bee9ab8f2ee6046c8760af4488289274e67b5b59c08b3908b3ce404288
montefiore_pdfua_unified_v5_02_scripts_2026-05-19,"montefiore_pdfua_unified_v5_02_scripts_2026-05-19/scripts/validation_profiles/veraPDF-validation-profiles-integration/PDF_UA/2/8.2 Logical structure/8.2.5 Additional requirements for specific structure types/8.2.5.25 List (L, LI, LBody)/verapdf-profile-8-2-5-25-t01.xml",1507,d6776421c41be252f3d65750c62d211b99504ae0ef82efc0e378b107100b877b
montefiore_pdfua_unified_v5_02_scripts_2026-05-19,"montefiore_pdfua_unified_v5_02_scripts_2026-05-19/scripts/validation_profiles/veraPDF-validation-profiles-integration/PDF_UA/2/8.2 Logical structure/8.2.5 Additional requirements for specific structure types/8.2.5.25 List (L, LI, LBody)/verapdf-profile-8-2-5-25-t02.xml",1304,3e41efb31d99c778c99549fb07978a7c7d4b5ea282fb964ad1eaee7c9950ac83
montefiore_pdfua_unified_v5_02_scripts_2026-05-19,"montefiore_pdfua_unified_v5_02_scripts_2026-05-19/scripts/validation_profiles/veraPDF-validation-profiles-integration/PDF_UA/2/8.2 Logical structure/8.2.5 Additional requirements for specific structure types/8.2.5.26 Table (Table, TR, TH, TD, THead, TBody, TFoot)/verapdf-profile-8-2-5-26-t01.xml",1030,83cd924f629a3f92c6a8190d878ab004f55dc835b66d09b723e8dbfb65540f62
montefiore_pdfua_unified_v5_02_scripts_2026-05-19,"montefiore_pdfua_unified_v5_02_scripts_2026-05-19/scripts/validation_profiles/veraPDF-validation-profiles-integration/PDF_UA/2/8.2 Logical structure/8.2.5 Additional requirements for specific structure types/8.2.5.26 Table (Table, TR, TH, TD, THead, TBody, TFoot)/verapdf-profile-8-2-5-26-t02.xml",1703,899f15e43be867c02ea93837ef5b14267b8188cae12b269e2cafe4a06b91ac8e
montefiore_pdfua_unified_v5_02_scripts_2026-05-19,"montefiore_pdfua_unified_v5_02_scripts_2026-05-19/scripts/validation_profiles/veraPDF-validation-profiles-integration/PDF_UA/2/8.2 Logical structure/8.2.5 Additional requirements for specific structure types/8.2.5.26 Table (Table, TR, TH, TD, THead, TBody, TFoot)/verapdf-profile-8-2-5-26-t03.xml",1262,e03eec81cf86dd9eea6c940698f548003ee3a6dd821fd50e941f012a54350d7c
montefiore_pdfua_unified_v5_02_scripts_2026-05-19,"montefiore_pdfua_unified_v5_02_scripts_2026-05-19/scripts/validation_profiles/veraPDF-validation-profiles-integration/PDF_UA/2/8.2 Logical structure/8.2.5 Additional requirements for specific structure types/8.2.5.26 Table (Table, TR, TH, TD, THead, TBody, TFoot)/verapdf-profile-8-2-5-26-t04.xml",1396,b8dee5e49c352a03b6c1e7b037ee9589c78a378d0b4f84c12acec8f8f91c5df4
montefiore_pdfua_unified_v5_02_scripts_2026-05-19,"montefiore_pdfua_unified_v5_02_scripts_2026-05-19/scripts/validation_profiles/veraPDF-validation-profiles-integration/PDF_UA/2/8.2 Logical structure/8.2.5 Additional requirements for specific structure types/8.2.5.26 Table (Table, TR, TH, TD, THead, TBody, TFoot)/verapdf-profile-8-2-5-26-t05.xml",1671,324bffde4722ea0ed1e3da57fe5a35ddb6f3f5ab2b2a6cc62f3cf5bcb4f079c3
montefiore_pdfua_unified_v5_02_scripts_2026-05-19,"montefiore_pdfua_unified_v5_02_scripts_2026-05-19/scripts/validation_profiles/veraPDF-validation-profiles-integration/PDF_UA/2/8.2 Logical structure/8.2.5 Additional requirements for specific structure types/8.2.5.26 Table (Table, TR, TH, TD, THead, TBody, TFoot)/verapdf-profile-8-2-5-26-t06.xml",1781,c5e0f6a3c1df40a99281b20881859e2ddb5a55b757cd0c9c8dd1069e3dabc78f
montefiore_pdfua_unified_v5_02_scripts_2026-05-19,montefiore_pdfua_unified_v5_02_scripts_2026-05-19/scripts/validation_profiles/veraPDF-validation-profiles-integration/PDF_UA/2/8.2 Logical structure/8.2.5 Additional requirements for specific structure types/8.2.5.27 Caption/verapdf-profile-8-2-5-27-t01.xml,1335,ac7d914c5cb8225795fa912d2dca429e121357dca6299d2e5a48fc810f0a362c
montefiore_pdfua_unified_v5_02_scripts_2026-05-19,montefiore_pdfua_unified_v5_02_scripts_2026-05-19/scripts/validation_profiles/veraPDF-validation-profiles-integration/PDF_UA/2/8.2 Logical structure/8.2.5 Additional requirements for specific structure types/8.2.5.28 Figure/8.2.5.28.2 Figure properties/verapdf-profile-8-2-5-28-2-t01.xml,1683,ea0a834226996e300ccb81f443b87d8776841aac60382dc60116da346d1bf417
montefiore_pdfua_unified_v5_02_scripts_2026-05-19,montefiore_pdfua_unified_v5_02_scripts_2026-05-19/scripts/validation_profiles/veraPDF-validation-profiles-integration/PDF_UA/2/8.2 Logical structure/8.2.5 Additional requirements for specific structure types/8.2.5.29 Formula/verapdf-profile-8-2-5-29-t01.xml,1060,0051b00a19a073d022bce77d0473c5146489eabfa7bbbc14146a6abcad63dd8f
montefiore_pdfua_unified_v5_02_scripts_2026-05-19,montefiore_pdfua_unified_v5_02_scripts_2026-05-19/scripts/validation_profiles/veraPDF-validation-profiles-integration/PDF_UA/2/8.2 Logical structure/8.2.5 Additional requirements for specific structure types/8.2.5.8 Table of Contents (TOC and TOCI)/verapdf-profile-8-2-5-8-t01.xml,1413,62b75df90815d3f327cd100ae8f74ee30c8195e7ded39374d182f9c441fe9477
montefiore_pdfua_unified_v5_02_scripts_2026-05-19,montefiore_pdfua_unified_v5_02_scripts_2026-05-19/scripts/validation_profiles/veraPDF-validation-profiles-integration/PDF_UA/2/8.4 Text representation for content/8.4.3 Replacements and alternatives for text/verapdf-profile-8-4-3-t01.xml,1172,7dbeb06114f0225fdf0447a9607c5563493197f4cae20207dae9aafd22b99c0a
montefiore_pdfua_unified_v5_02_scripts_2026-05-19,montefiore_pdfua_unified_v5_02_scripts_2026-05-19/scripts/validation_profiles/veraPDF-validation-profiles-integration/PDF_UA/2/8.4 Text representation for content/8.4.3 Replacements and alternatives for text/verapdf-profile-8-4-3-t02.xml,998,c3efae4de3b6a3ef6ee62e47fb059b39a6677b8bf9696416bb65a7707ec300bb
montefiore_pdfua_unified_v5_02_scripts_2026-05-19,montefiore_pdfua_unified_v5_02_scripts_2026-05-19/scripts/validation_profiles/veraPDF-validation-profiles-integration/PDF_UA/2/8.4 Text representation for content/8.4.3 Replacements and alternatives for text/verapdf-profile-8-4-3-t03.xml,963,ed72a11289227d6fb49ad6b8b2b3a2157b8aa63c0236828f84e0ff1dbdd9de86
montefiore_pdfua_unified_v5_02_scripts_2026-05-19,montefiore_pdfua_unified_v5_02_scripts_2026-05-19/scripts/validation_profiles/veraPDF-validation-profiles-integration/PDF_UA/2/8.4 Text representation for content/8.4.4 Declaring natural language/verapdf-profile-8-4-4-t01.xml,1175,33686c07a825084179fb76eaa5efba63ffdb682548ef9eadcf9e1955654c0569
montefiore_pdfua_unified_v5_02_scripts_2026-05-19,montefiore_pdfua_unified_v5_02_scripts_2026-05-19/scripts/validation_profiles/veraPDF-validation-profiles-integration/PDF_UA/2/8.4 Text representation for content/8.4.4 Declaring natural language/verapdf-profile-8-4-4-t02.xml,1869,16fb9be47e6bae3fdb533dcac83031710062a29e70bb2dbce2412c34fec54dea
montefiore_pdfua_unified_v5_02_scripts_2026-05-19,montefiore_pdfua_unified_v5_02_scripts_2026-05-19/scripts/validation_profiles/veraPDF-validation-profiles-integration/PDF_UA/2/8.4 Text representation for content/8.4.5 Fonts/8.4.5.3 Composite fonts/8.4.5.3.1 General/verapdf-profile-8-4-5-3-1-t01.xml,3399,de31e77c3ddab5461cb90d9bd2cd04f38b44c3bca507d9f56b03c9aaec3e4282
montefiore_pdfua_unified_v5_02_scripts_2026-05-19,montefiore_pdfua_unified_v5_02_scripts_2026-05-19/scripts/validation_profiles/veraPDF-validation-profiles-integration/PDF_UA/2/8.4 Text representation for content/8.4.5 Fonts/8.4.5.3 Composite fonts/8.4.5.3.2 CIDFonts/verapdf-profile-8-4-5-3-2-t01.xml,1504,7b89ebb1f44cd4d031b2a2108bec369e496775c861947856d56da8cd381993f0
montefiore_pdfua_unified_v5_02_scripts_2026-05-19,montefiore_pdfua_unified_v5_02_scripts_2026-05-19/scripts/validation_profiles/veraPDF-validation-profiles-integration/PDF_UA/2/8.4 Text representation for content/8.4.5 Fonts/8.4.5.4 CMaps/verapdf-profile-8-4-5-4-t01.xml,3808,201b43bf809e86f7c6e34eace543e72648549b5de3765e129bf8e0d014a97a6e
montefiore_pdfua_unified_v5_02_scripts_2026-05-19,montefiore_pdfua_unified_v5_02_scripts_2026-05-19/scripts/validation_profiles/veraPDF-validation-profiles-integration/PDF_UA/2/8.4 Text representation for content/8.4.5 Fonts/8.4.5.4 CMaps/verapdf-profile-8-4-5-4-t02.xml,1366,00c5813f33236f5390be0215b9d2f0696e1129f06114b0836cd4d787a1a33d40
montefiore_pdfua_unified_v5_02_scripts_2026-05-19,montefiore_pdfua_unified_v5_02_scripts_2026-05-19/scripts/validation_profiles/veraPDF-validation-profiles-integration/PDF_UA/2/8.4 Text representation for content/8.4.5 Fonts/8.4.5.4 CMaps/verapdf-profile-8-4-5-4-t03.xml,3609,94cc179a3820cbba77523e23147344cb3c9de579e7c9998e4eefc1d53a81831e
montefiore_pdfua_unified_v5_02_scripts_2026-05-19,montefiore_pdfua_unified_v5_02_scripts_2026-05-19/scripts/validation_profiles/veraPDF-validation-profiles-integration/PDF_UA/2/8.4 Text representation for content/8.4.5 Fonts/8.4.5.5 Embedding/8.4.5.5.1 General/verapdf-profile-8-4-5-5-1-t01.xml,1335,71537f7f5c6ad8357ef8930694adfd27417d891ad9829460728210d4697ad0c8
montefiore_pdfua_unified_v5_02_scripts_2026-05-19,montefiore_pdfua_unified_v5_02_scripts_2026-05-19/scripts/validation_profiles/veraPDF-validation-profiles-integration/PDF_UA/2/8.4 Text representation for content/8.4.5 Fonts/8.4.5.5 Embedding/8.4.5.5.1 General/verapdf-profile-8-4-5-5-1-t02.xml,2194,2847d71517497f61df2c41dcfb6b1f7362102ebe9b33287c5193e5663d119b34
montefiore_pdfua_unified_v5_02_scripts_2026-05-19,montefiore_pdfua_unified_v5_02_scripts_2026-05-19/scripts/validation_profiles/veraPDF-validation-profiles-integration/PDF_UA/2/8.4 Text representation for content/8.4.5 Fonts/8.4.5.6 Font metrics/verapdf-profile-8-4-5-6-t01.xml,1640,f197ce4a3791e380b7e4f33b015917bfbad55122ca10b75066cdb471be60c978
montefiore_pdfua_unified_v5_02_scripts_2026-05-19,montefiore_pdfua_unified_v5_02_scripts_2026-05-19/scripts/validation_profiles/veraPDF-validation-profiles-integration/PDF_UA/2/8.4 Text representation for content/8.4.5 Fonts/8.4.5.7 Character encodings/verapdf-profile-8-4-5-7-t01.xml,1652,b44f3f493bc0b7215901293080c50266181402a1e42c9cac0d997982a1d45ca8
montefiore_pdfua_unified_v5_02_scripts_2026-05-19,montefiore_pdfua_unified_v5_02_scripts_2026-05-19/scripts/validation_profiles/veraPDF-validation-profiles-integration/PDF_UA/2/8.4 Text representation for content/8.4.5 Fonts/8.4.5.7 Character encodings/verapdf-profile-8-4-5-7-t02.xml,2738,c11bac6d7e982ae67a00346b28b71fae3507d59773658f23986b8ecf1b8cbc7e
montefiore_pdfua_unified_v5_02_scripts_2026-05-19,montefiore_pdfua_unified_v5_02_scripts_2026-05-19/scripts/validation_profiles/veraPDF-validation-profiles-integration/PDF_UA/2/8.4 Text representation for content/8.4.5 Fonts/8.4.5.7 Character encodings/verapdf-profile-8-4-5-7-t03.xml,1076,c75007b2b313f93119f12878f782ddc6b71a8f4902d2f874186fa468dec57ef7
montefiore_pdfua_unified_v5_02_scripts_2026-05-19,montefiore_pdfua_unified_v5_02_scripts_2026-05-19/scripts/validation_profiles/veraPDF-validation-profiles-integration/PDF_UA/2/8.4 Text representation for content/8.4.5 Fonts/8.4.5.7 Character encodings/verapdf-profile-8-4-5-7-t04.xml,1525,fffe224629d70508ce71f608b6865fa0eb3f921c51c8003132f41066d817a9fc
montefiore_pdfua_unified_v5_02_scripts_2026-05-19,montefiore_pdfua_unified_v5_02_scripts_2026-05-19/scripts/validation_profiles/veraPDF-validation-profiles-integration/PDF_UA/2/8.4 Text representation for content/8.4.5 Fonts/8.4.5.8 Unicode character maps/verapdf-profile-8-4-5-8-t01.xml,1427,c26ce0ac10dd7a2e9a4a78dbadc435cb651b4592af314d6c7a40fe805180b399
montefiore_pdfua_unified_v5_02_scripts_2026-05-19,montefiore_pdfua_unified_v5_02_scripts_2026-05-19/scripts/validation_profiles/veraPDF-validation-profiles-integration/PDF_UA/2/8.4 Text representation for content/8.4.5 Fonts/8.4.5.8 Unicode character maps/verapdf-profile-8-4-5-8-t02.xml,1354,68c11479575842727478ab43e3fe395bdcf5a4816251ec020e6f22775fec8dcd
montefiore_pdfua_unified_v5_02_scripts_2026-05-19,montefiore_pdfua_unified_v5_02_scripts_2026-05-19/scripts/validation_profiles/veraPDF-validation-profiles-integration/PDF_UA/2/8.4 Text representation for content/8.4.5 Fonts/8.4.5.9 Use of .notdef glyph/verapdf-profile-8-4-5-9-t01.xml,1371,dfc686438bcd03877f3a57619d4431d245ffeb16254f8edc54f002da8e3883e0
montefiore_pdfua_unified_v5_02_scripts_2026-05-19,montefiore_pdfua_unified_v5_02_scripts_2026-05-19/scripts/validation_profiles/veraPDF-validation-profiles-integration/PDF_UA/2/8.6 Text string objects/verapdf-profile-8-6-t01.xml,1094,5e63ecde18e2730355510d41bb680d8990435b07b9bcf998d6fda88c6acbb5c8
montefiore_pdfua_unified_v5_02_scripts_2026-05-19,montefiore_pdfua_unified_v5_02_scripts_2026-05-19/scripts/validation_profiles/veraPDF-validation-profiles-integration/PDF_UA/2/8.7 Optional content/verapdf-profile-8-7-t01.xml,2352,3f766e8461f4d660cbd6a02837f0a26a21715322e61032b50c4d3690b18cdc81
montefiore_pdfua_unified_v5_02_scripts_2026-05-19,montefiore_pdfua_unified_v5_02_scripts_2026-05-19/scripts/validation_profiles/veraPDF-validation-profiles-integration/PDF_UA/2/8.7 Optional content/verapdf-profile-8-7-t02.xml,987,5181248fac0e0598f9fb44c24847d3bcaad364eb8de2895e1313ad630e69d037
montefiore_pdfua_unified_v5_02_scripts_2026-05-19,montefiore_pdfua_unified_v5_02_scripts_2026-05-19/scripts/validation_profiles/veraPDF-validation-profiles-integration/PDF_UA/2/8.8 Intra-document destinations/verapdf-profile-8-8-t01.xml,1272,8fed22ef2aab1faca60836936bcec9180b6d4db9d9b4f45f5aa6abb084e43daa
montefiore_pdfua_unified_v5_02_scripts_2026-05-19,montefiore_pdfua_unified_v5_02_scripts_2026-05-19/scripts/validation_profiles/veraPDF-validation-profiles-integration/PDF_UA/2/8.8 Intra-document destinations/verapdf-profile-8-8-t02.xml,1245,41a361d7e87ad859e27952e394ce3b79157d1dbe9c06fcb335a9019007b3302d
montefiore_pdfua_unified_v5_02_scripts_2026-05-19,montefiore_pdfua_unified_v5_02_scripts_2026-05-19/scripts/validation_profiles/veraPDF-validation-profiles-integration/PDF_UA/2/8.9 Annotations/8.9.2 Semantics and content/8.9.2.2 Annotations as artifacts/verapdf-profile-8-9-2-2-t01.xml,1563,eb9e12503ed3614c72f90bbbf70351bf6402a4cd5a2555fdd814d533eb68fcfa
montefiore_pdfua_unified_v5_02_scripts_2026-05-19,montefiore_pdfua_unified_v5_02_scripts_2026-05-19/scripts/validation_profiles/veraPDF-validation-profiles-integration/PDF_UA/2/8.9 Annotations/8.9.2 Semantics and content/8.9.2.2 Annotations as artifacts/verapdf-profile-8-9-2-2-t02.xml,1790,bcf4a2dcd12bd601c38ba7d455d3d56c6d0e73d18baadc046e26cdc86fa3f80f
montefiore_pdfua_unified_v5_02_scripts_2026-05-19,montefiore_pdfua_unified_v5_02_scripts_2026-05-19/scripts/validation_profiles/veraPDF-validation-profiles-integration/PDF_UA/2/8.9 Annotations/8.9.2 Semantics and content/8.9.2.3 Markup annotations/verapdf-profile-8-9-2-3-t01.xml,1293,00292b288c1c0a0158643c119187cbe0c9a1f2600d9310e2ecfab99354e8e0b1
montefiore_pdfua_unified_v5_02_scripts_2026-05-19,montefiore_pdfua_unified_v5_02_scripts_2026-05-19/scripts/validation_profiles/veraPDF-validation-profiles-integration/PDF_UA/2/8.9 Annotations/8.9.2 Semantics and content/8.9.2.3 Markup annotations/verapdf-profile-8-9-2-3-t02.xml,1317,d30db3893898b8efd98fbad089d7015a7b41791109ea5ec077f13073090c00e1
montefiore_pdfua_unified_v5_02_scripts_2026-05-19,montefiore_pdfua_unified_v5_02_scripts_2026-05-19/scripts/validation_profiles/veraPDF-validation-profiles-integration/PDF_UA/2/8.9 Annotations/8.9.2 Semantics and content/8.9.2.4 Annotation types/8.9.2.4.10 File attachment/verapdf-profile-8-9-2-4-10-t01.xml,1521,2b1a2faec1dc30734dbb0530e5ccf66da750d6768c1476db039aed8deb5f1486
montefiore_pdfua_unified_v5_02_scripts_2026-05-19,"montefiore_pdfua_unified_v5_02_scripts_2026-05-19/scripts/validation_profiles/veraPDF-validation-profiles-integration/PDF_UA/2/8.9 Annotations/8.9.2 Semantics and content/8.9.2.4 Annotation types/8.9.2.4.11 Sound,movie/verapdf-profile-8-9-2-4-11-t01.xml",964,ad9d99b1b8b6fd99c2b37dc71a9d849b4e4ac3800dd433f65b13f5f6b459cb5c
montefiore_pdfua_unified_v5_02_scripts_2026-05-19,"montefiore_pdfua_unified_v5_02_scripts_2026-05-19/scripts/validation_profiles/veraPDF-validation-profiles-integration/PDF_UA/2/8.9 Annotations/8.9.2 Semantics and content/8.9.2.4 Annotation types/8.9.2.4.11 Sound,movie/verapdf-profile-8-9-2-4-11-t02.xml",964,227c65a56d7f5fecbb62f27a86b1de11f2ebf1bdb5b4c5d76749a1c856b488c0
montefiore_pdfua_unified_v5_02_scripts_2026-05-19,montefiore_pdfua_unified_v5_02_scripts_2026-05-19/scripts/validation_profiles/veraPDF-validation-profiles-integration/PDF_UA/2/8.9 Annotations/8.9.2 Semantics and content/8.9.2.4 Annotation types/8.9.2.4.12 Screen/verapdf-profile-8-9-2-4-12-t01.xml,978,df28f570b119d6c20d72a4909ae59aeb2fa8dac29d1c0526079ccaab383ffa59
montefiore_pdfua_unified_v5_02_scripts_2026-05-19,montefiore_pdfua_unified_v5_02_scripts_2026-05-19/scripts/validation_profiles/veraPDF-validation-profiles-integration/PDF_UA/2/8.9 Annotations/8.9.2 Semantics and content/8.9.2.4 Annotation types/8.9.2.4.13 Widget/verapdf-profile-8-9-2-4-13-t01.xml,1391,0c59f5fa5d461919cd0d0eac8e49c496812a4ca2aab97966c122c872bf42b483
montefiore_pdfua_unified_v5_02_scripts_2026-05-19,montefiore_pdfua_unified_v5_02_scripts_2026-05-19/scripts/validation_profiles/veraPDF-validation-profiles-integration/PDF_UA/2/8.9 Annotations/8.9.2 Semantics and content/8.9.2.4 Annotation types/8.9.2.4.14 Printer's mark/verapdf-profile-8-9-2-4-14-t01.xml,1313,bcab22cec3f66e8676e35763c090f445e896cd06cad178ccdc8304ddca47f127
montefiore_pdfua_unified_v5_02_scripts_2026-05-19,montefiore_pdfua_unified_v5_02_scripts_2026-05-19/scripts/validation_profiles/veraPDF-validation-profiles-integration/PDF_UA/2/8.9 Annotations/8.9.2 Semantics and content/8.9.2.4 Annotation types/8.9.2.4.15 Trap network/verapdf-profile-8-9-2-4-15-t01.xml,1005,41beea9d97d59f5d4650a933a6e62c1c6e24d3cf2083d1af408ddf86a107b120
montefiore_pdfua_unified_v5_02_scripts_2026-05-19,montefiore_pdfua_unified_v5_02_scripts_2026-05-19/scripts/validation_profiles/veraPDF-validation-profiles-integration/PDF_UA/2/8.9 Annotations/8.9.2 Semantics and content/8.9.2.4 Annotation types/8.9.2.4.16 Watermark/verapdf-profile-8-9-2-4-16-t01.xml,1338,da8f402a53d40e442820c2e6ecb6590ebfbdb2d3794969ab1ddeb63a7bcaf92b
montefiore_pdfua_unified_v5_02_scripts_2026-05-19,montefiore_pdfua_unified_v5_02_scripts_2026-05-19/scripts/validation_profiles/veraPDF-validation-profiles-integration/PDF_UA/2/8.9 Annotations/8.9.2 Semantics and content/8.9.2.4 Annotation types/8.9.2.4.19 3D and RichMedia/verapdf-profile-8-9-2-4-19-t01.xml,1138,bfc33ddc859d067d5a5963c2d4a19a328dff430919f1149b324f45c03ec7445d
montefiore_pdfua_unified_v5_02_scripts_2026-05-19,montefiore_pdfua_unified_v5_02_scripts_2026-05-19/scripts/validation_profiles/veraPDF-validation-profiles-integration/PDF_UA/2/8.9 Annotations/8.9.2 Semantics and content/8.9.2.4 Annotation types/8.9.2.4.19 3D and RichMedia/verapdf-profile-8-9-2-4-19-t02.xml,1173,5c35431a37082c01f78785c50562e4cdfdfaa96d27c2546c297ea8888ca3f9af
montefiore_pdfua_unified_v5_02_scripts_2026-05-19,montefiore_pdfua_unified_v5_02_scripts_2026-05-19/scripts/validation_profiles/veraPDF-validation-profiles-integration/PDF_UA/2/8.9 Annotations/8.9.2 Semantics and content/8.9.2.4 Annotation types/8.9.2.4.7 Rubber stamp/verapdf-profile-8-9-2-4-7-t01.xml,1352,5917275ad7b1d453661c063ded5697f0468ce54021f94115e6d64b6e161399a6
montefiore_pdfua_unified_v5_02_scripts_2026-05-19,montefiore_pdfua_unified_v5_02_scripts_2026-05-19/scripts/validation_profiles/veraPDF-validation-profiles-integration/PDF_UA/2/8.9 Annotations/8.9.2 Semantics and content/8.9.2.4 Annotation types/8.9.2.4.8 Ink/verapdf-profile-8-9-2-4-8-t01.xml,1042,2c74cf210024d2337c75a9216555726c44b31f8ae48ee8fc6bd24350f5a5ba3e
montefiore_pdfua_unified_v5_02_scripts_2026-05-19,montefiore_pdfua_unified_v5_02_scripts_2026-05-19/scripts/validation_profiles/veraPDF-validation-profiles-integration/PDF_UA/2/8.9 Annotations/8.9.2 Semantics and content/8.9.2.4 Annotation types/8.9.2.4.9 Popup/verapdf-profile-8-9-2-4-9-t01.xml,1296,32b9662ff1386fa4d31c5e9257da566d899791df69a62fc500d1934f5cac87c1
montefiore_pdfua_unified_v5_02_scripts_2026-05-19,montefiore_pdfua_unified_v5_02_scripts_2026-05-19/scripts/validation_profiles/veraPDF-validation-profiles-integration/PDF_UA/2/8.9 Annotations/8.9.3 Order/8.9.3.3 Tab order/verapdf-profile-8-9-3-3-t01.xml,1395,da7f6a297925ab354228439ef5f3347f7d7a9cdc868c0003481ab34c522eba0c
montefiore_pdfua_unified_v5_02_scripts_2026-05-19,montefiore_pdfua_unified_v5_02_scripts_2026-05-19/scripts/validation_profiles/veraPDF-validation-profiles-integration/PDF_UA/2/8.9 Annotations/8.9.4 Alternative descriptions/8.9.4.2 Alt properties/verapdf-profile-8-9-4-2-t01.xml,1425,7746dd7e9ce1b3dd5d9074d1f8a6e34ab814692c164e79331fd88f47466bcccc
montefiore_pdfua_unified_v5_02_scripts_2026-05-19,montefiore_pdfua_unified_v5_02_scripts_2026-05-19/scripts/validation_profiles/veraPDF-validation-profiles-integration/PDF_UA/ISO-32000-1-Tagged.xml,750806,65c334eb7aafc846b073c12d71a72fb4c9638dc1bc85c93f752284e4132e46cd
montefiore_pdfua_unified_v5_02_scripts_2026-05-19,montefiore_pdfua_unified_v5_02_scripts_2026-05-19/scripts/validation_profiles/veraPDF-validation-profiles-integration/PDF_UA/ISO-32000-2-Tagged.xml,973336,ba2af40c2c0bd1789e4630ce7afb4f4a23b909a0e65512163b4c976e019a1344
montefiore_pdfua_unified_v5_02_scripts_2026-05-19,montefiore_pdfua_unified_v5_02_scripts_2026-05-19/scripts/validation_profiles/veraPDF-validation-profiles-integration/PDF_UA/ISO-32005-Tagged.xml,935481,bf84ce47c402eb55a181374101886c0682aba85d9c7e0e2d58ff5a770ea57ded
montefiore_pdfua_unified_v5_02_scripts_2026-05-19,montefiore_pdfua_unified_v5_02_scripts_2026-05-19/scripts/validation_profiles/veraPDF-validation-profiles-integration/PDF_UA/PDFUA-1.xml,82079,d79d2b4c33e5938ed968bc57f9cc9844068f29e61f3d62e3ad4353812954d9ce
montefiore_pdfua_unified_v5_02_scripts_2026-05-19,montefiore_pdfua_unified_v5_02_scripts_2026-05-19/scripts/validation_profiles/veraPDF-validation-profiles-integration/PDF_UA/PDFUA-2-ISO32005.xml,1001231,65ae5240f1c19fdbba78992908ffbb7e3c1061a485220bf6024c74eccf397e1f
montefiore_pdfua_unified_v5_02_scripts_2026-05-19,montefiore_pdfua_unified_v5_02_scripts_2026-05-19/scripts/validation_profiles/veraPDF-validation-profiles-integration/PDF_UA/PDFUA-2.xml,72999,0e84a333fc4ffe29849d6cdf6e5633ed293341e009abb211f6818e3f235588c8
montefiore_pdfua_unified_v5_02_scripts_2026-05-19,montefiore_pdfua_unified_v5_02_scripts_2026-05-19/scripts/validation_profiles/veraPDF-validation-profiles-integration/PDF_UA/WCAG-2-2-Complete-PDF20.xml,115571,3e2a97f1d7a3f8cfcfbd6e46b0e5b34d08c35e5d2629165fbe3510cc510e8ee1
montefiore_pdfua_unified_v5_02_scripts_2026-05-19,montefiore_pdfua_unified_v5_02_scripts_2026-05-19/scripts/validation_profiles/veraPDF-validation-profiles-integration/PDF_UA/WCAG-2-2-Complete.xml,123659,535148feac64933b634e3ce7d54e9ba9acd4fa6093e68529655e18eb2d1c105a
montefiore_pdfua_unified_v5_02_scripts_2026-05-19,montefiore_pdfua_unified_v5_02_scripts_2026-05-19/scripts/validation_profiles/veraPDF-validation-profiles-integration/PDF_UA/WCAG-2-2-Dev.xml,16252,051c29de3594d257622e45e45b5c0dd67e4509e2fb550808d37f4de1b9a683ab
montefiore_pdfua_unified_v5_02_scripts_2026-05-19,montefiore_pdfua_unified_v5_02_scripts_2026-05-19/scripts/validation_profiles/veraPDF-validation-profiles-integration/PDF_UA/WCAG-2-2-Machine-PDF20.xml,79359,96c94dc2a383379aa2d130007be76dd358e63dafc9bd26ba075966eb993e0834
montefiore_pdfua_unified_v5_02_scripts_2026-05-19,montefiore_pdfua_unified_v5_02_scripts_2026-05-19/scripts/validation_profiles/veraPDF-validation-profiles-integration/PDF_UA/WCAG-2-2-Machine.xml,87447,9377cada85738ddff69f24c4195147936e814c3574b093a622119f9b126838c2
montefiore_pdfua_unified_v5_02_scripts_2026-05-19,montefiore_pdfua_unified_v5_02_scripts_2026-05-19/scripts/validation_profiles/veraPDF-validation-profiles-integration/PDF_UA/WCAG-2-2.xml,44783,a1b01c9e6473ed4ecfd7c49866a9b27477fe710cd516f43dbaaec64a9450e138
montefiore_pdfua_unified_v5_02_scripts_2026-05-19,montefiore_pdfua_unified_v5_02_scripts_2026-05-19/scripts/validation_profiles/veraPDF-validation-profiles-integration/PDF_UA/WCAG/2.2/1 Perceivable/1.3 Adaptable/1.3.1 Info and Relationships/verapdf-profile-1-3-1-t01.xml,1121,ad7d4add40c0b21a7ea7700f5c1256ddd82f3d36688230e05163b2a02a8e97fc
montefiore_pdfua_unified_v5_02_scripts_2026-05-19,montefiore_pdfua_unified_v5_02_scripts_2026-05-19/scripts/validation_profiles/veraPDF-validation-profiles-integration/PDF_UA/WCAG/2.2/1 Perceivable/1.3 Adaptable/1.3.1 Info and Relationships/verapdf-profile-1-3-1-t02.xml,1104,9489acbc2bc8dcefdf482d2811f3bd8eac2bfb4ca6cda8d29a1224a647f13b7b
montefiore_pdfua_unified_v5_02_scripts_2026-05-19,montefiore_pdfua_unified_v5_02_scripts_2026-05-19/scripts/validation_profiles/veraPDF-validation-profiles-integration/PDF_UA/WCAG/2.2/1 Perceivable/1.3 Adaptable/1.3.1 Info and Relationships/verapdf-profile-1-3-1-t03.xml,980,82f90f58f65e326b55b4931d546a022b54b292f9f702bb94bf662573f5a1d03c
montefiore_pdfua_unified_v5_02_scripts_2026-05-19,montefiore_pdfua_unified_v5_02_scripts_2026-05-19/scripts/validation_profiles/veraPDF-validation-profiles-integration/PDF_UA/WCAG/2.2/1 Perceivable/1.3 Adaptable/1.3.1 Info and Relationships/verapdf-profile-1-3-1-t04.xml,1222,6bc625919c3c738f44e6c37bc3523dcb30a67767909c0233f87a0b50b727c4a1
montefiore_pdfua_unified_v5_02_scripts_2026-05-19,montefiore_pdfua_unified_v5_02_scripts_2026-05-19/scripts/validation_profiles/veraPDF-validation-profiles-integration/PDF_UA/WCAG/2.2/1 Perceivable/1.3 Adaptable/1.3.4 Orientation/verapdf-profile-1-3-4-t01.xml,1249,2ec6ea4e44bc42a6fa30f0f57c42821c1f8954612ea9a91a097a117dce3d4f52
montefiore_pdfua_unified_v5_02_scripts_2026-05-19,montefiore_pdfua_unified_v5_02_scripts_2026-05-19/scripts/validation_profiles/veraPDF-validation-profiles-integration/PDF_UA/WCAG/2.2/1 Perceivable/1.4 Distinguishable/1.4.10 Reflow/verapdf-profile-1-4-10-t01.xml,1271,30fbf258c5e35ff37611550b9edc73b7aef62d4421ea03bf92a8dfd0662a5201
montefiore_pdfua_unified_v5_02_scripts_2026-05-19,montefiore_pdfua_unified_v5_02_scripts_2026-05-19/scripts/validation_profiles/veraPDF-validation-profiles-integration/PDF_UA/WCAG/2.2/1 Perceivable/1.4 Distinguishable/1.4.3 Contrast (Minimum)/verapdf-profile-1-4-3-t01.xml,1522,2debfe685017c334825dc9a5aa61877d2418bffc27fc517d5eac553a3f076542
montefiore_pdfua_unified_v5_02_scripts_2026-05-19,montefiore_pdfua_unified_v5_02_scripts_2026-05-19/scripts/validation_profiles/veraPDF-validation-profiles-integration/PDF_UA/WCAG/2.2/1 Perceivable/1.4 Distinguishable/1.4.4 Resize Text/verapdf-profile-1-4-4-t01.xml,1306,308551cbd3d12023e0ffee71fc4d8e022aecec5256770f9b4f535e5a88e9cf0d
montefiore_pdfua_unified_v5_02_scripts_2026-05-19,montefiore_pdfua_unified_v5_02_scripts_2026-05-19/scripts/validation_profiles/veraPDF-validation-profiles-integration/PDF_UA/WCAG/2.2/1 Perceivable/1.4 Distinguishable/1.4.8 Visual Presentation/verapdf-profile-1-4-8-t01.xml,3365,b0c520ebe16b35d575fe41fe15875ce4f097fe148e681990798e445a28cfe97d
montefiore_pdfua_unified_v5_02_scripts_2026-05-19,montefiore_pdfua_unified_v5_02_scripts_2026-05-19/scripts/validation_profiles/veraPDF-validation-profiles-integration/PDF_UA/WCAG/2.2/2 Operable/2.4 Navigable/2.4.9 Link Purpose (Link Only)/verapdf-profile-2-4-9-t01.xml,1553,fa6cc5c561c08de85db0deb7ef03f30e74db209f958d3dfd1e337ded36b83d6b
montefiore_pdfua_unified_v5_02_scripts_2026-05-19,"montefiore_pdfua_unified_v5_02_scripts_2026-05-19/scripts/validation_profiles/veraPDF-validation-profiles-integration/PDF_UA/WCAG/2.2/4 Robust/4.1 Compatible/4.1.2 Name, Role, Value/verapdf-profile-4-1-2-t01.xml",1088,2d559d037cd5c82a558ab4e1c802348e27fa421bc98f42bc24bd048f8d526fa9
montefiore_pdfua_unified_v5_02_scripts_2026-05-19,"montefiore_pdfua_unified_v5_02_scripts_2026-05-19/scripts/validation_profiles/veraPDF-validation-profiles-integration/PDF_UA/WCAG/2.2/4 Robust/4.1 Compatible/4.1.2 Name, Role, Value/verapdf-profile-4-1-2-t02.xml",1049,63b7d663eaebf2869768591f7da8dd58b9e69c15597dd723b18a599505b7531f
montefiore_pdfua_unified_v5_02_scripts_2026-05-19,"montefiore_pdfua_unified_v5_02_scripts_2026-05-19/scripts/validation_profiles/veraPDF-validation-profiles-integration/PDF_UA/WCAG/2.2/4 Robust/4.1 Compatible/4.1.2 Name, Role, Value/verapdf-profile-4-1-2-t04.xml",1058,81ac19d2683fc55ed063f1ab00cc4edce761b0cab532eb325d7dc3226cef042e
montefiore_pdfua_unified_v5_02_scripts_2026-05-19,"montefiore_pdfua_unified_v5_02_scripts_2026-05-19/scripts/validation_profiles/veraPDF-validation-profiles-integration/PDF_UA/WCAG/2.2/4 Robust/4.1 Compatible/4.1.2 Name, Role, Value/verapdf-profile-4-1-2-t05.xml",1086,8467f9201b04405ce332c61f56b738493fa36a33d79f81976565a1de779aeb30
montefiore_pdfua_unified_v5_02_scripts_2026-05-19,"montefiore_pdfua_unified_v5_02_scripts_2026-05-19/scripts/validation_profiles/veraPDF-validation-profiles-integration/PDF_UA/WCAG/2.2/4 Robust/4.1 Compatible/4.1.2 Name, Role, Value/verapdf-profile-4-1-2-t08.xml",1653,392009dc93024cc24669004a2e004347bdc46a7b69025cd0d0ae96c45d11b55a
montefiore_pdfua_unified_v5_02_scripts_2026-05-19,"montefiore_pdfua_unified_v5_02_scripts_2026-05-19/scripts/validation_profiles/veraPDF-validation-profiles-integration/PDF_UA/WCAG/2.2/4 Robust/4.1 Compatible/4.1.2 Name, Role, Value/verapdf-profile-4-1-2-t09.xml",1631,dca37239b3fa1338d9ada5eaaea91da24faba9f0f8d92d3255ec746ac42a0663
montefiore_pdfua_unified_v5_02_scripts_2026-05-19,"montefiore_pdfua_unified_v5_02_scripts_2026-05-19/scripts/validation_profiles/veraPDF-validation-profiles-integration/PDF_UA/WCAG/2.2/4 Robust/4.1 Compatible/4.1.2 Name, Role, Value/verapdf-profile-4-1-2-t10.xml",1163,40336fca174cd2859608ee6c75950282c161b2d9e7693d92ea2afabdbb1c60fc
montefiore_pdfua_unified_v5_02_scripts_2026-05-19,"montefiore_pdfua_unified_v5_02_scripts_2026-05-19/scripts/validation_profiles/veraPDF-validation-profiles-integration/PDF_UA/WCAG/2.2/4 Robust/4.1 Compatible/4.1.2 Name, Role, Value/verapdf-profile-4-1-2-t11.xml",1123,891e6be1027e97b707abf0b84b1d8f9be383875ae7712ae5013148276f2f9173
montefiore_pdfua_unified_v5_02_scripts_2026-05-19,"montefiore_pdfua_unified_v5_02_scripts_2026-05-19/scripts/validation_profiles/veraPDF-validation-profiles-integration/PDF_UA/WCAG/2.2/4 Robust/4.1 Compatible/4.1.2 Name, Role, Value/verapdf-profile-4-1-2-t12.xml",1123,ee07612b21a45b712e54f6f506c03e5bed94e8e18bc9f668c5a66e9a6a43cdee
montefiore_pdfua_unified_v5_02_scripts_2026-05-19,"montefiore_pdfua_unified_v5_02_scripts_2026-05-19/scripts/validation_profiles/veraPDF-validation-profiles-integration/PDF_UA/WCAG/2.2/4 Robust/4.1 Compatible/4.1.2 Name, Role, Value/verapdf-profile-4-1-2-t13.xml",1146,66a3c070881711c8a30b24fdce804d26fcc28b063ccef3e0f51b53d0a7e136a6
montefiore_pdfua_unified_v5_02_scripts_2026-05-19,"montefiore_pdfua_unified_v5_02_scripts_2026-05-19/scripts/validation_profiles/veraPDF-validation-profiles-integration/PDF_UA/WCAG/2.2/4 Robust/4.1 Compatible/4.1.2 Name, Role, Value/verapdf-profile-4-1-2-t14.xml",1132,a3f38a72cba8d2bc9935a02121b07f0295715f224e376bb725a3168d8bd0b13d
montefiore_pdfua_unified_v5_02_scripts_2026-05-19,"montefiore_pdfua_unified_v5_02_scripts_2026-05-19/scripts/validation_profiles/veraPDF-validation-profiles-integration/PDF_UA/WCAG/2.2/4 Robust/4.1 Compatible/4.1.2 Name, Role, Value/verapdf-profile-4-1-2-t15.xml",1160,3c09b37da01360e5d3d71c29acb94c8c9722270de9a3fd81be0598663bd6d03a
montefiore_pdfua_unified_v5_02_scripts_2026-05-19,"montefiore_pdfua_unified_v5_02_scripts_2026-05-19/scripts/validation_profiles/veraPDF-validation-profiles-integration/PDF_UA/WCAG/2.2/4 Robust/4.1 Compatible/4.1.2 Name, Role, Value/verapdf-profile-4-1-2-t16.xml",1028,91d62917e41822719d5e9f453f30417e1e8a643df17ae7187b09246c94515d39
montefiore_pdfua_unified_v5_02_scripts_2026-05-19,"montefiore_pdfua_unified_v5_02_scripts_2026-05-19/scripts/validation_profiles/veraPDF-validation-profiles-integration/PDF_UA/WCAG/2.2/4 Robust/4.1 Compatible/4.1.2 Name, Role, Value/verapdf-profile-4-1-2-t17.xml",1011,446f37bfd9152830fe10631d79bdd4fbeabd0c312e8128c1eb30e52c2f2ad0d4
montefiore_pdfua_unified_v5_02_scripts_2026-05-19,"montefiore_pdfua_unified_v5_02_scripts_2026-05-19/scripts/validation_profiles/veraPDF-validation-profiles-integration/PDF_UA/WCAG/2.2/4 Robust/4.1 Compatible/4.1.2 Name, Role, Value/verapdf-profile-4-1-2-t18.xml",1020,b9770e58b7bc14a255fdbc0b7d0cf873e4df6ec4040e21ea5e3f6901c142d095
montefiore_pdfua_unified_v5_02_scripts_2026-05-19,"montefiore_pdfua_unified_v5_02_scripts_2026-05-19/scripts/validation_profiles/veraPDF-validation-profiles-integration/PDF_UA/WCAG/2.2/4 Robust/4.1 Compatible/4.1.2 Name, Role, Value/verapdf-profile-4-1-2-t19.xml",1048,e1b6790d9bfc44dd374c701d5a50f552457bc79026d23d4cd01be92ed96f25fe
montefiore_pdfua_unified_v5_02_scripts_2026-05-19,"montefiore_pdfua_unified_v5_02_scripts_2026-05-19/scripts/validation_profiles/veraPDF-validation-profiles-integration/PDF_UA/WCAG/2.2/4 Robust/4.1 Compatible/4.1.2 Name, Role, Value/verapdf-profile-4-1-2-t20.xml",1138,96342aba6c61e16ffaa5d1db77f1f853cebbc08aa573192efccbe143029cb859
montefiore_pdfua_unified_v5_02_scripts_2026-05-19,"montefiore_pdfua_unified_v5_02_scripts_2026-05-19/scripts/validation_profiles/veraPDF-validation-profiles-integration/PDF_UA/WCAG/2.2/4 Robust/4.1 Compatible/4.1.2 Name, Role, Value/verapdf-profile-4-1-2-t21.xml",1490,22773d221cdc4d782d4400f2fa76f718942d68309b49f29d02a8b051a7e78cf6
montefiore_pdfua_unified_v5_02_scripts_2026-05-19,"montefiore_pdfua_unified_v5_02_scripts_2026-05-19/scripts/validation_profiles/veraPDF-validation-profiles-integration/PDF_UA/WCAG/2.2/4 Robust/4.1 Compatible/4.1.2 Name, Role, Value/verapdf-profile-4-1-2-t22.xml",1548,229113e708e5132a04127cc145878053a90fc4b097c8b5cf302ac84541e88d27
montefiore_pdfua_unified_v5_02_scripts_2026-05-19,"montefiore_pdfua_unified_v5_02_scripts_2026-05-19/scripts/validation_profiles/veraPDF-validation-profiles-integration/PDF_UA/WCAG/2.2/4 Robust/4.1 Compatible/4.1.2 Name, Role, Value/verapdf-profile-4-1-2-t23.xml",1555,e3fed28c25712d841834fa2d896b7b3464725db0ab928db9991a5e630bb0a96c
montefiore_pdfua_unified_v5_02_scripts_2026-05-19,"montefiore_pdfua_unified_v5_02_scripts_2026-05-19/scripts/validation_profiles/veraPDF-validation-profiles-integration/PDF_UA/WCAG/2.2/4 Robust/4.1 Compatible/4.1.2 Name, Role, Value/verapdf-profile-4-1-2-t25.xml",1558,8dca0f4ffdd1431bdfbf6bb3389d2a2e5d44a5b4d5452138c6bf5bc878ae545f
montefiore_pdfua_unified_v5_02_scripts_2026-05-19,"montefiore_pdfua_unified_v5_02_scripts_2026-05-19/scripts/validation_profiles/veraPDF-validation-profiles-integration/PDF_UA/WCAG/2.2/4 Robust/4.1 Compatible/4.1.2 Name, Role, Value/verapdf-profile-4-1-2-t26.xml",1564,16d382d0e1afdcd49b99b256c52034ec2bff8d2bceb8c4e57644edc3c1d7010d
montefiore_pdfua_unified_v5_02_scripts_2026-05-19,"montefiore_pdfua_unified_v5_02_scripts_2026-05-19/scripts/validation_profiles/veraPDF-validation-profiles-integration/PDF_UA/WCAG/2.2/4 Robust/4.1 Compatible/4.1.2 Name, Role, Value/verapdf-profile-4-1-2-t27.xml",1200,b779642f8b724cf95bcdd2417707186d984b83f355a8e93f3dfb0612e7beaf13
montefiore_pdfua_unified_v5_02_scripts_2026-05-19,"montefiore_pdfua_unified_v5_02_scripts_2026-05-19/scripts/validation_profiles/veraPDF-validation-profiles-integration/PDF_UA/WCAG/2.2/4 Robust/4.1 Compatible/4.1.2 Name, Role, Value/verapdf-profile-4-1-2-t28.xml",1247,25a87190f63134eb12ff08afb240827929e78e77f392df12619ca2b2cab16048
montefiore_pdfua_unified_v5_02_scripts_2026-05-19,"montefiore_pdfua_unified_v5_02_scripts_2026-05-19/scripts/validation_profiles/veraPDF-validation-profiles-integration/PDF_UA/WCAG/2.2/4 Robust/4.1 Compatible/4.1.2 Name, Role, Value/verapdf-profile-4-1-2-t29.xml",1120,ff0008497e478b8fa16d146fc671d0427d7dbbb741cb29b8f11da730d962f32e
montefiore_pdfua_unified_v5_02_scripts_2026-05-19,"montefiore_pdfua_unified_v5_02_scripts_2026-05-19/scripts/validation_profiles/veraPDF-validation-profiles-integration/PDF_UA/WCAG/2.2/4 Robust/4.1 Compatible/4.1.2 Name, Role, Value/verapdf-profile-4-1-2-t31.xml",1239,197469c105b82702e72aa37f368e09fbacb36de76c06cd6f5a1a60d0f0c82fb1
montefiore_pdfua_unified_v5_02_scripts_2026-05-19,"montefiore_pdfua_unified_v5_02_scripts_2026-05-19/scripts/validation_profiles/veraPDF-validation-profiles-integration/PDF_UA/WCAG/2.2/4 Robust/4.1 Compatible/4.1.2 Name, Role, Value/verapdf-profile-4-1-2-t32.xml",1205,17f11f10384d2243cec0c4370ae51597014bdbbf05a175ee0f893644bb419d8f
montefiore_pdfua_unified_v5_02_scripts_2026-05-19,"montefiore_pdfua_unified_v5_02_scripts_2026-05-19/scripts/validation_profiles/veraPDF-validation-profiles-integration/PDF_UA/WCAG/2.2/4 Robust/4.1 Compatible/4.1.2 Name, Role, Value/verapdf-profile-4-1-2-t34.xml",1189,7f2a40b2f004a2771b250555f905781efcc51668fa34faedcf6e4c9162e23af3
montefiore_pdfua_unified_v5_02_scripts_2026-05-19,"montefiore_pdfua_unified_v5_02_scripts_2026-05-19/scripts/validation_profiles/veraPDF-validation-profiles-integration/PDF_UA/WCAG/2.2/4 Robust/4.1 Compatible/4.1.2 Name, Role, Value/verapdf-profile-4-1-2-t35.xml",1171,8751893bcee3beb8ed6754937ceb164c6fd6a6f323501b3cc01172137164d500
montefiore_pdfua_unified_v5_02_scripts_2026-05-19,"montefiore_pdfua_unified_v5_02_scripts_2026-05-19/scripts/validation_profiles/veraPDF-validation-profiles-integration/PDF_UA/WCAG/2.2/4 Robust/4.1 Compatible/4.1.2 Name, Role, Value/verapdf-profile-4-1-2-t36.xml",1445,02961e4a813f0b292dc4b1a8b00af7cdd72800ca82aa1964047d64be92a0c3bf
montefiore_pdfua_unified_v5_02_scripts_2026-05-19,"montefiore_pdfua_unified_v5_02_scripts_2026-05-19/scripts/validation_profiles/veraPDF-validation-profiles-integration/PDF_UA/WCAG/2.2/4 Robust/4.1 Compatible/4.1.2 Name, Role, Value/verapdf-profile-4-1-2-t37.xml",1466,38342d8576958650c638fcbeedc28dddd6988535d6f4c3f0f0fa896ccfba55d2
montefiore_pdfua_unified_v5_02_scripts_2026-05-19,"montefiore_pdfua_unified_v5_02_scripts_2026-05-19/scripts/validation_profiles/veraPDF-validation-profiles-integration/PDF_UA/WCAG/2.2/4 Robust/4.1 Compatible/4.1.2 Name, Role, Value/verapdf-profile-4-1-2-t38.xml",1452,26da50f43f63075c20eca30d1bde862aae0c4efd71ddf89b5082c276c972441d
montefiore_pdfua_unified_v5_02_scripts_2026-05-19,"montefiore_pdfua_unified_v5_02_scripts_2026-05-19/scripts/validation_profiles/veraPDF-validation-profiles-integration/PDF_UA/WCAG/2.2/4 Robust/4.1 Compatible/4.1.2 Name, Role, Value/verapdf-profile-4-1-2-t39.xml",1473,9e4ca70bcf773677b4abcee9643f3066a759029f249e8818ae523ae976eb2a69
montefiore_pdfua_unified_v5_02_scripts_2026-05-19,"montefiore_pdfua_unified_v5_02_scripts_2026-05-19/scripts/validation_profiles/veraPDF-validation-profiles-integration/PDF_UA/WCAG/2.2/4 Robust/4.1 Compatible/4.1.2 Name, Role, Value/verapdf-profile-4-1-2-t40.xml",1108,97a27397da5346efa74d2faef20e4b5265003405702dd5fb1875b74211c0f758
montefiore_pdfua_unified_v5_02_scripts_2026-05-19,"montefiore_pdfua_unified_v5_02_scripts_2026-05-19/scripts/validation_profiles/veraPDF-validation-profiles-integration/PDF_UA/WCAG/2.2/4 Robust/4.1 Compatible/4.1.2 Name, Role, Value/verapdf-profile-4-1-2-t41.xml",1169,b4c6f49a9170686d0fee4453aed9064d5848186a117237ed33cab974965c3c98
montefiore_pdfua_unified_v5_02_scripts_2026-05-19,"montefiore_pdfua_unified_v5_02_scripts_2026-05-19/scripts/validation_profiles/veraPDF-validation-profiles-integration/PDF_UA/WCAG/2.2/4 Robust/4.1 Compatible/4.1.2 Name, Role, Value/verapdf-profile-4-1-2-t42.xml",1181,cfa94115ded6835543d28d54cd6f718fc186258484428ad21c11449919218e13
montefiore_pdfua_unified_v5_02_scripts_2026-05-19,"montefiore_pdfua_unified_v5_02_scripts_2026-05-19/scripts/validation_profiles/veraPDF-validation-profiles-integration/PDF_UA/WCAG/2.2/4 Robust/4.1 Compatible/4.1.2 Name, Role, Value/verapdf-profile-4-1-2-t43.xml",1193,1e67383108b5393eba0b6e7b9b5ccf8bf34981c46740e5a2b04895e35e4ee389
montefiore_pdfua_unified_v5_02_scripts_2026-05-19,"montefiore_pdfua_unified_v5_02_scripts_2026-05-19/scripts/validation_profiles/veraPDF-validation-profiles-integration/PDF_UA/WCAG/2.2/4 Robust/4.1 Compatible/4.1.2 Name, Role, Value/verapdf-profile-4-1-2-t44.xml",1202,13e8391b11628a0f991155b4b0ebb78444e846e799514d61fa7d60b4f3419e56
montefiore_pdfua_unified_v5_02_scripts_2026-05-19,"montefiore_pdfua_unified_v5_02_scripts_2026-05-19/scripts/validation_profiles/veraPDF-validation-profiles-integration/PDF_UA/WCAG/2.2/4 Robust/4.1 Compatible/4.1.2 Name, Role, Value/verapdf-profile-4-1-2-t45.xml",1197,33e41a6e2b3fbbbf354c5a0541ebc1ee9c18496f646a7636e095e04754aa8c6a
montefiore_pdfua_unified_v5_02_scripts_2026-05-19,"montefiore_pdfua_unified_v5_02_scripts_2026-05-19/scripts/validation_profiles/veraPDF-validation-profiles-integration/PDF_UA/WCAG/2.2/4 Robust/4.1 Compatible/4.1.2 Name, Role, Value/verapdf-profile-4-1-2-t46.xml",1142,12eec3bd364894a55ccfb7dea60b0090f032aecdaf42d7fd9c8b12b468fa06fc
montefiore_pdfua_unified_v5_02_scripts_2026-05-19,"montefiore_pdfua_unified_v5_02_scripts_2026-05-19/scripts/validation_profiles/veraPDF-validation-profiles-integration/PDF_UA/WCAG/2.2/4 Robust/4.1 Compatible/4.1.2 Name, Role, Value/verapdf-profile-4-1-2-t47.xml",1420,5a65b2687bc1638bf94cc6b6860015aab034f6c1d718675ec8a2d1cae0471696
montefiore_pdfua_unified_v5_02_scripts_2026-05-19,"montefiore_pdfua_unified_v5_02_scripts_2026-05-19/scripts/validation_profiles/veraPDF-validation-profiles-integration/PDF_UA/WCAG/2.2/4 Robust/4.1 Compatible/4.1.2 Name, Role, Value/verapdf-profile-4-1-2-t48.xml",1197,1670e7c1f82a847c999c8cde4bc166a0985e9b94d5fb062389cd4158b41c0f87
montefiore_pdfua_unified_v5_02_scripts_2026-05-19,"montefiore_pdfua_unified_v5_02_scripts_2026-05-19/scripts/validation_profiles/veraPDF-validation-profiles-integration/PDF_UA/WCAG/2.2/4 Robust/4.1 Compatible/4.1.2 Name, Role, Value/verapdf-profile-4-1-2-t49.xml",1226,1691f3feff86f79a10c9d6e0cc1fab82a4806e475a39d74739f3eec07aef1856
montefiore_pdfua_unified_v5_02_scripts_2026-05-19,"montefiore_pdfua_unified_v5_02_scripts_2026-05-19/scripts/validation_profiles/veraPDF-validation-profiles-integration/PDF_UA/WCAG/2.2/4 Robust/4.1 Compatible/4.1.2 Name, Role, Value/verapdf-profile-4-1-2-t50.xml",1312,f2ffc04cc7a56ec93b16882fb2badc1fc7028c9124403d4de3639b3a76c22478
montefiore_pdfua_unified_v5_02_scripts_2026-05-19,"montefiore_pdfua_unified_v5_02_scripts_2026-05-19/scripts/validation_profiles/veraPDF-validation-profiles-integration/PDF_UA/WCAG/2.2/4 Robust/4.1 Compatible/4.1.2 Name, Role, Value/verapdf-profile-4-1-2-t51.xml",925,f1b2ecd9405e3b736edb99c42f06a1f051c93d6de719ac244b6246bb7eade538
montefiore_pdfua_unified_v5_02_scripts_2026-05-19,"montefiore_pdfua_unified_v5_02_scripts_2026-05-19/scripts/validation_profiles/veraPDF-validation-profiles-integration/PDF_UA/WCAG/2.2/4 Robust/4.1 Compatible/4.1.2 Name, Role, Value/verapdf-profile-4-1-2-t52.xml",1044,b6edd401a1ef97f292b109cda8b7765bc61abb003ae78a8f93ce45a356f3770e
montefiore_pdfua_unified_v5_02_scripts_2026-05-19,"montefiore_pdfua_unified_v5_02_scripts_2026-05-19/scripts/validation_profiles/veraPDF-validation-profiles-integration/PDF_UA/WCAG/2.2/4 Robust/4.1 Compatible/4.1.2 Name, Role, Value/verapdf-profile-4-1-2-t53.xml",991,873dc7f700be3f19619e2b54c19e97fdbae450a0b6745ef254ef0903f12bae2e
montefiore_pdfua_unified_v5_02_scripts_2026-05-19,"montefiore_pdfua_unified_v5_02_scripts_2026-05-19/scripts/validation_profiles/veraPDF-validation-profiles-integration/PDF_UA/WCAG/2.2/4 Robust/4.1 Compatible/4.1.2 Name, Role, Value/verapdf-profile-4-1-2-t54.xml",1013,5bed0437ebae7ad57f47c6922baa97f3b5745c10efd5189e8597b0c666fbe6aa
montefiore_pdfua_unified_v5_02_scripts_2026-05-19,"montefiore_pdfua_unified_v5_02_scripts_2026-05-19/scripts/validation_profiles/veraPDF-validation-profiles-integration/PDF_UA/WCAG/2.2/4 Robust/4.1 Compatible/4.1.2 Name, Role, Value/verapdf-profile-4-1-2-t55.xml",1123,c4263904f2a045ef479335e34ac672c684f44c6e6d1719aba2bce5f5f2f03349
montefiore_pdfua_unified_v5_02_scripts_2026-05-19,montefiore_pdfua_unified_v5_02_scripts_2026-05-19/scripts/validation_profiles/veraPDF-validation-profiles-integration/PDF_UA/WCAG/PDF_UA/1/verapdf-profile-7-1-t01.xml,1177,73cd94219b46bfdc4db65d96c9d0ee990554a0f67ae529935082c22b33bf5512
montefiore_pdfua_unified_v5_02_scripts_2026-05-19,montefiore_pdfua_unified_v5_02_scripts_2026-05-19/scripts/validation_profiles/veraPDF-validation-profiles-integration/PDF_UA/WCAG/PDF_UA/1/verapdf-profile-7-1-t02.xml,1201,01fbeca0ee2cea777b48284abfb37cd750c5e7cf98a5b24915b6923130694137
montefiore_pdfua_unified_v5_02_scripts_2026-05-19,montefiore_pdfua_unified_v5_02_scripts_2026-05-19/scripts/validation_profiles/veraPDF-validation-profiles-integration/PDF_UA/WCAG/PDF_UA/1/verapdf-profile-7-1-t09.xml,1368,d17f495998c99b1c4948f95e46970d0114a96a9f80daacd5ce73d944b841a765
montefiore_pdfua_unified_v5_02_scripts_2026-05-19,montefiore_pdfua_unified_v5_02_scripts_2026-05-19/scripts/validation_profiles/veraPDF-validation-profiles-integration/PDF_UA/WCAG/PDF_UA/1/verapdf-profile-7-18-1-t02.xml,1691,34cf5932c092efde6b762d4f279e18d9ae411c161361b9939e1943335b0157c3
montefiore_pdfua_unified_v5_02_scripts_2026-05-19,montefiore_pdfua_unified_v5_02_scripts_2026-05-19/scripts/validation_profiles/veraPDF-validation-profiles-integration/PDF_UA/WCAG/PDF_UA/1/verapdf-profile-7-18-5-t01.xml,1447,bdfb54541f5c396d0cd7d4f61f79a24232b97ea89e9aca3711d9b77230bd9f1a
montefiore_pdfua_unified_v5_02_scripts_2026-05-19,montefiore_pdfua_unified_v5_02_scripts_2026-05-19/scripts/validation_profiles/veraPDF-validation-profiles-integration/PDF_UA/WCAG/PDF_UA/1/verapdf-profile-7-18-8-t01.xml,1388,bae143d56f315514e44d2c190b57548955d99c55e776e89c1b25b6f0aee8e976
montefiore_pdfua_unified_v5_02_scripts_2026-05-19,montefiore_pdfua_unified_v5_02_scripts_2026-05-19/scripts/validation_profiles/veraPDF-validation-profiles-integration/PDF_UA/WCAG/PDF_UA/1/verapdf-profile-7-2-t03.xml,1709,90f596e4a78bb1f2f8aa17e3edad9f14de383d93c1635d9d5d247d540b6ee5a1
montefiore_pdfua_unified_v5_02_scripts_2026-05-19,montefiore_pdfua_unified_v5_02_scripts_2026-05-19/scripts/validation_profiles/veraPDF-validation-profiles-integration/PDF_UA/WCAG/PDF_UA/1/verapdf-profile-7-2-t04.xml,1333,04b13df9da9ddd8b9ddfe2dfce2eb9b4779d12d58386e48cf1e5846666f28d50
montefiore_pdfua_unified_v5_02_scripts_2026-05-19,montefiore_pdfua_unified_v5_02_scripts_2026-05-19/scripts/validation_profiles/veraPDF-validation-profiles-integration/PDF_UA/WCAG/PDF_UA/1/verapdf-profile-7-2-t05.xml,1254,274ffabedca5048c1c99172e7bfccdb36fc872eb7bb199a563deba1a9fe02ae3
montefiore_pdfua_unified_v5_02_scripts_2026-05-19,montefiore_pdfua_unified_v5_02_scripts_2026-05-19/scripts/validation_profiles/veraPDF-validation-profiles-integration/PDF_UA/WCAG/PDF_UA/1/verapdf-profile-7-2-t06.xml,1254,15afe57ae54951ed9e7c33a46443cd24e472c28858cb8c76cdb3ebc600a7dee7
montefiore_pdfua_unified_v5_02_scripts_2026-05-19,montefiore_pdfua_unified_v5_02_scripts_2026-05-19/scripts/validation_profiles/veraPDF-validation-profiles-integration/PDF_UA/WCAG/PDF_UA/1/verapdf-profile-7-2-t07.xml,1254,380a347c937cc5df1a3e71330957e45b5d957376401e4ada347f25d90d2c04d1
montefiore_pdfua_unified_v5_02_scripts_2026-05-19,montefiore_pdfua_unified_v5_02_scripts_2026-05-19/scripts/validation_profiles/veraPDF-validation-profiles-integration/PDF_UA/WCAG/PDF_UA/1/verapdf-profile-7-2-t08.xml,1227,3085315fef11170801ecd92c2c45bec6f4928c8cbd198cf6d97f86e7a99d5c0b
montefiore_pdfua_unified_v5_02_scripts_2026-05-19,montefiore_pdfua_unified_v5_02_scripts_2026-05-19/scripts/validation_profiles/veraPDF-validation-profiles-integration/PDF_UA/WCAG/PDF_UA/1/verapdf-profile-7-2-t09.xml,1227,323fbcf66aa223292b5869a11584975c996d54a33a0c632b9b8cbc31cc222c70
montefiore_pdfua_unified_v5_02_scripts_2026-05-19,montefiore_pdfua_unified_v5_02_scripts_2026-05-19/scripts/validation_profiles/veraPDF-validation-profiles-integration/PDF_UA/WCAG/PDF_UA/1/verapdf-profile-7-2-t10.xml,1371,5389034b437447ec921e6d0dd0fac2dcaa72fb98c27a701d1bb577d88fba6f6e
montefiore_pdfua_unified_v5_02_scripts_2026-05-19,montefiore_pdfua_unified_v5_02_scripts_2026-05-19/scripts/validation_profiles/veraPDF-validation-profiles-integration/PDF_UA/WCAG/PDF_UA/1/verapdf-profile-7-2-t11.xml,1281,5e79b5b7f591194284ab9ffd029eee0394aaec26bc4b31e3c1ea00af83d8f15f
montefiore_pdfua_unified_v5_02_scripts_2026-05-19,montefiore_pdfua_unified_v5_02_scripts_2026-05-19/scripts/validation_profiles/veraPDF-validation-profiles-integration/PDF_UA/WCAG/PDF_UA/1/verapdf-profile-7-2-t12.xml,1281,9ef828d2ec995bf3bfd8985c8930477fdcc75a28240e57df7c7dc156f20f575d
montefiore_pdfua_unified_v5_02_scripts_2026-05-19,montefiore_pdfua_unified_v5_02_scripts_2026-05-19/scripts/validation_profiles/veraPDF-validation-profiles-integration/PDF_UA/WCAG/PDF_UA/1/verapdf-profile-7-2-t13.xml,1459,00bf610169e3dc1961a327ff73388690dab5bf2b1a8f6c5fd95b6e12081f761e
montefiore_pdfua_unified_v5_02_scripts_2026-05-19,montefiore_pdfua_unified_v5_02_scripts_2026-05-19/scripts/validation_profiles/veraPDF-validation-profiles-integration/PDF_UA/WCAG/PDF_UA/1/verapdf-profile-7-2-t14.xml,1459,6999c62b338324fb0212bdcc6c115ce8a43a7b64a6e8418d695436ea861a4c21
montefiore_pdfua_unified_v5_02_scripts_2026-05-19,montefiore_pdfua_unified_v5_02_scripts_2026-05-19/scripts/validation_profiles/veraPDF-validation-profiles-integration/PDF_UA/WCAG/PDF_UA/1/verapdf-profile-7-2-t16.xml,1404,b74be9bc8ad90426acaf96cc79fd751748be7ae7907d1b4f7565214ef9db74ce
montefiore_pdfua_unified_v5_02_scripts_2026-05-19,montefiore_pdfua_unified_v5_02_scripts_2026-05-19/scripts/validation_profiles/veraPDF-validation-profiles-integration/PDF_UA/WCAG/PDF_UA/1/verapdf-profile-7-2-t17.xml,1223,de4eb7d840a681eb6d7f2934daca50de566f266873ad3d2d634efd20c7ff1a88
montefiore_pdfua_unified_v5_02_scripts_2026-05-19,montefiore_pdfua_unified_v5_02_scripts_2026-05-19/scripts/validation_profiles/veraPDF-validation-profiles-integration/PDF_UA/WCAG/PDF_UA/1/verapdf-profile-7-2-t18.xml,1242,43202b03bc140f9d2b2da3394a5b002c7a82f53812e3592ff39d4729bdcd5ee0
montefiore_pdfua_unified_v5_02_scripts_2026-05-19,montefiore_pdfua_unified_v5_02_scripts_2026-05-19/scripts/validation_profiles/veraPDF-validation-profiles-integration/PDF_UA/WCAG/PDF_UA/1/verapdf-profile-7-2-t19.xml,1519,db51013a6de4535ed94654ec4082eac8dd5a1690de1d3b37dc459610faf8c20d
montefiore_pdfua_unified_v5_02_scripts_2026-05-19,montefiore_pdfua_unified_v5_02_scripts_2026-05-19/scripts/validation_profiles/veraPDF-validation-profiles-integration/PDF_UA/WCAG/PDF_UA/1/verapdf-profile-7-2-t20.xml,1394,753305ff5717afaa3483c14f7ff44fb4b82b79f797ac21b03ca3a700939994d2
montefiore_pdfua_unified_v5_02_scripts_2026-05-19,montefiore_pdfua_unified_v5_02_scripts_2026-05-19/scripts/validation_profiles/veraPDF-validation-profiles-integration/PDF_UA/WCAG/PDF_UA/1/verapdf-profile-7-2-t26.xml,1238,4f719677007f8887546786b59fd5a509c9e0b6e7fc2a82cc848f00e40e7c22f2
montefiore_pdfua_unified_v5_02_scripts_2026-05-19,montefiore_pdfua_unified_v5_02_scripts_2026-05-19/scripts/validation_profiles/veraPDF-validation-profiles-integration/PDF_UA/WCAG/PDF_UA/1/verapdf-profile-7-2-t27.xml,1546,35b3e566a535b884da1ad8a433d1f0c3d5e418642e7d887d69b67a6b868f0d9a
montefiore_pdfua_unified_v5_02_scripts_2026-05-19,montefiore_pdfua_unified_v5_02_scripts_2026-05-19/scripts/validation_profiles/veraPDF-validation-profiles-integration/PDF_UA/WCAG/PDF_UA/1/verapdf-profile-7-2-t28.xml,1438,7ae30f6fa06c274a275a7b892538f77513eeb02f478353df1d96e011bed8816d
montefiore_pdfua_unified_v5_02_scripts_2026-05-19,montefiore_pdfua_unified_v5_02_scripts_2026-05-19/scripts/validation_profiles/veraPDF-validation-profiles-integration/PDF_UA/WCAG/PDF_UA/1/verapdf-profile-7-2-t36.xml,1368,ae328a78dba5ed38329751b65f0ebc0322985c46ca3158228a188dfd56d55d95
montefiore_pdfua_unified_v5_02_scripts_2026-05-19,montefiore_pdfua_unified_v5_02_scripts_2026-05-19/scripts/validation_profiles/veraPDF-validation-profiles-integration/PDF_UA/WCAG/PDF_UA/1/verapdf-profile-7-2-t37.xml,1368,442c222e7ac52c68ff6aeec3203830154625b3da8c6a90441fc001e28c53101d
montefiore_pdfua_unified_v5_02_scripts_2026-05-19,montefiore_pdfua_unified_v5_02_scripts_2026-05-19/scripts/validation_profiles/veraPDF-validation-profiles-integration/PDF_UA/WCAG/PDF_UA/1/verapdf-profile-7-2-t38.xml,1368,d91a90bea2f316977417698868d358811645ce3a006886510d46a04ecefbfffc
montefiore_pdfua_unified_v5_02_scripts_2026-05-19,montefiore_pdfua_unified_v5_02_scripts_2026-05-19/scripts/validation_profiles/veraPDF-validation-profiles-integration/PDF_UA/WCAG/PDF_UA/1/verapdf-profile-7-2-t39.xml,1371,9f7dcd968bac149eb92e47abbfe0982fdd3af114f1f1672698584cca1e618267
montefiore_pdfua_unified_v5_02_scripts_2026-05-19,montefiore_pdfua_unified_v5_02_scripts_2026-05-19/scripts/validation_profiles/veraPDF-validation-profiles-integration/PDF_UA/WCAG/PDF_UA/1/verapdf-profile-7-2-t40.xml,1432,bce3d152ec9ace20e4428ba30deb78a7b52ee7d0f480ff8f1bca8951c7273f42
montefiore_pdfua_unified_v5_02_scripts_2026-05-19,montefiore_pdfua_unified_v5_02_scripts_2026-05-19/scripts/validation_profiles/veraPDF-validation-profiles-integration/PDF_UA/WCAG/PDF_UA/1/verapdf-profile-7-4-4-t01.xml,1038,629d9473d8c65a165eceec8af525ca01384aa49e1f746598475a3bb675ebc065
montefiore_pdfua_unified_v5_02_scripts_2026-05-19,montefiore_pdfua_unified_v5_02_scripts_2026-05-19/scripts/validation_profiles/veraPDF-validation-profiles-integration/PDF_UA/WCAG/PDF_UA/1/verapdf-profile-7-4-4-t02.xml,1158,8451b3bcc209ca494bd18338a2bc7b93967d5ad17db1aa75e716a9d3aa0e2dfe
montefiore_pdfua_unified_v5_02_scripts_2026-05-19,montefiore_pdfua_unified_v5_02_scripts_2026-05-19/scripts/validation_profiles/veraPDF-validation-profiles-integration/PDF_UA/WCAG/PDF_UA/1/verapdf-profile-7-4-4-t03.xml,1156,e5689b913557bc3ef11b3c5c7591feb31ef17e0f410134733127ef482c3e4bd7
montefiore_pdfua_unified_v5_02_scripts_2026-05-19,montefiore_pdfua_unified_v5_02_scripts_2026-05-19/scripts/validation_profiles/veraPDF-validation-profiles-integration/PDF_UA/WCAG/PDF_UA/2/verapdf-profile-8-11-1-t01.xml,1240,1e35bfb1cd212532a72c5075d3f59aa7109341d34dac0965f9b5b6d255c6e53d
montefiore_pdfua_unified_v5_02_scripts_2026-05-19,montefiore_pdfua_unified_v5_02_scripts_2026-05-19/scripts/validation_profiles/veraPDF-validation-profiles-integration/PDF_UA/WTPDF-1-0-Accessibility.xml,998867,484f009d8ca440f4ecb6811ff5a8e6df0daeec767b269084951982d19de2454f
montefiore_pdfua_unified_v5_02_scripts_2026-05-19,montefiore_pdfua_unified_v5_02_scripts_2026-05-19/scripts/validation_profiles/veraPDF-validation-profiles-integration/PDF_UA/WTPDF-1-0-Reuse.xml,989807,2e3a4e93458a10c8daba9ee040697471a591683ef8504d0121ed64ba85fd82ad
montefiore_pdfua_unified_v5_02_scripts_2026-05-19,montefiore_pdfua_unified_v5_02_scripts_2026-05-19/scripts/validation_profiles/veraPDF-validation-profiles-integration/PDF_UA/WTPDF/1.0/Accessibility/6.1.3 Conformance level for accessibility/verapdf-profile-6-1-3-t01.xml,1545,8fd0e6bac9ba744c12ab5348f0a909d3e1420f0271011dfa289d3a1744361acb
montefiore_pdfua_unified_v5_02_scripts_2026-05-19,montefiore_pdfua_unified_v5_02_scripts_2026-05-19/scripts/validation_profiles/veraPDF-validation-profiles-integration/PDF_UA/WTPDF/1.0/Reuse/6.1.2 Conformance level for reuse/verapdf-profile-6-1-2-t01.xml,1473,44f37f0e386311b7ade802be14987cb6a9551b4fe22905b8cca2d967f77250c2
montefiore_pdfua_unified_v5_02_scripts_2026-05-19,montefiore_pdfua_unified_v5_02_scripts_2026-05-19/scripts/validation_profiles/veraPDF-validation-profiles-integration/README.md,1429,99902c7713ec72b5ad2c8c29552f938c7647b55bbfbabd37558e62a6006007d4
montefiore_pdfua_unified_v5_02_scripts_2026-05-19,montefiore_pdfua_unified_v5_02_scripts_2026-05-19/scripts/validation_profiles/veraPDF-validation-profiles-integration/validationProfile.xsd,4494,3fcc7d72ed2cff9c0b21d8b3bf7f6d0f7c5504cdc8980159c4978694fe45bb4c
montefiore_pdfua_unified_v5_03_skills_2026-05-19,montefiore_pdfua_unified_v5_03_skills_2026-05-19/README_SKILLS.md,372,3a726c3a2bd7851e2286fd75fdb2ba5fbbd53190178da9a1ebba4f9501f91405
montefiore_pdfua_unified_v5_03_skills_2026-05-19,montefiore_pdfua_unified_v5_03_skills_2026-05-19/skills/handoff_2026_05_19_reference/skill.zip,12650,dd84134b5c4fa5af74daa1532ec9286812ef8db38ea7b6a1c402e56d6d5930fb
montefiore_pdfua_unified_v5_03_skills_2026-05-19,montefiore_pdfua_unified_v5_03_skills_2026-05-19/skills/handoff_2026_05_19_reference/skill_source/SKILL.md,3435,52a2831d53a73fe5a5bf5cfaa028cc4db44b55c1713f0a7ebcfb0714f1cfe9ed
montefiore_pdfua_unified_v5_03_skills_2026-05-19,montefiore_pdfua_unified_v5_03_skills_2026-05-19/skills/handoff_2026_05_19_reference/skill_source/agents/openai.yaml,193,844b3def71ead5384f64f5c2bab850e606673dae7a11fae391a24b9a6a23e4df
montefiore_pdfua_unified_v5_03_skills_2026-05-19,montefiore_pdfua_unified_v5_03_skills_2026-05-19/skills/handoff_2026_05_19_reference/skill_source/references/CURRENT_PDFUA_REMEDIATION_RULESET.md,12768,464990d0d926935af76219c99a2e7cd476e3c915e451ca934ccd83679fefabb7
montefiore_pdfua_unified_v5_03_skills_2026-05-19,montefiore_pdfua_unified_v5_03_skills_2026-05-19/skills/handoff_2026_05_19_reference/skill_source/references/RUNBOOK.md,2989,84fa56342c0617c5bc84b4e7190e5d93eb133f9819e8da89204ca7c4c725c325
montefiore_pdfua_unified_v5_03_skills_2026-05-19,montefiore_pdfua_unified_v5_03_skills_2026-05-19/skills/handoff_2026_05_19_reference/skill_source/scripts/metadata_audit.py,2458,851c7453511c4e9df789c8d629726b2202f1fa84ed9234731d92c9a3b71cddc3
montefiore_pdfua_unified_v5_03_skills_2026-05-19,montefiore_pdfua_unified_v5_03_skills_2026-05-19/skills/handoff_2026_05_19_reference/skill_source/scripts/package_scaffold.py,862,b9751b650e9b6ede4d135c3dcd5898940a8a8b5ee7d616fcab5f3f3d13df6498
montefiore_pdfua_unified_v5_03_skills_2026-05-19,montefiore_pdfua_unified_v5_03_skills_2026-05-19/skills/handoff_2026_05_19_reference/skill_source/scripts/preservation_audit.py,2245,7c54bbec549d3cd81c1092c758075bbebe9df49fc5b6b688a20a3f4255bd898b
montefiore_pdfua_unified_v5_03_skills_2026-05-19,montefiore_pdfua_unified_v5_03_skills_2026-05-19/skills/handoff_2026_05_19_reference/skill_source/scripts/render_compare.py,2170,d12c490195da1c307f86275640044cf9c99f6ac72578c7379aa77cb72cb4fd2a
montefiore_pdfua_unified_v5_03_skills_2026-05-19,montefiore_pdfua_unified_v5_03_skills_2026-05-19/skills/montefiore-pdfua-unified-v4/SKILL.md,1310,5834e260e8ac54880526d8454c8427c9c37265350b4b40001a035da6443ed74f
montefiore_pdfua_unified_v5_03_skills_2026-05-19,montefiore_pdfua_unified_v5_03_skills_2026-05-19/skills/montefiore-pdfua-unified-v5/SKILL.md,2676,4062de21337946c82a5b23651af300123931ecbfe6acc824de748eadd880df22
montefiore_pdfua_unified_v5_03_skills_2026-05-19,montefiore_pdfua_unified_v5_03_skills_2026-05-19/skills/montefiore-pdfua-unified-v5/agents/openai.yaml,206,ffd359b5ddac9b0f51a1dc8a34c561f3df5c2108459ed8d38a66002648715abc
montefiore_pdfua_unified_v5_03_skills_2026-05-19,montefiore_pdfua_unified_v5_03_skills_2026-05-19/skills/montefiore-pdfua-unified-v5/references/CURRENT_PDFUA_REMEDIATION_RULESET.md,11976,7bb8a5e1a966acb14b255163528cce1d5382bb99f923983c05e7b1130923cf6a
montefiore_pdfua_unified_v5_03_skills_2026-05-19,montefiore_pdfua_unified_v5_03_skills_2026-05-19/skills/montefiore-pdfua-unified-v5/references/PRE_HANDOFF_CHECKLIST.md,1345,e22ead925a200719d432c758f07778885a8a798f01fb32ab3f7745e7373f17ab
montefiore_pdfua_unified_v5_03_skills_2026-05-19,montefiore_pdfua_unified_v5_03_skills_2026-05-19/skills/montefiore-pdfua-unified-v5/references/RUNBOOK.md,2846,2b9a4ae48a16ff590adbdb95deb31a7e105967b5972660ff1d0669a04318201d
montefiore_pdfua_unified_v5_03_skills_2026-05-19,montefiore_pdfua_unified_v5_03_skills_2026-05-19/skills/montefiore-pdfua-unified-v5/references/V5_EXTERNAL_STATUS_RULE.md,448,e353a8a844fb131197eee05867d6a2eaae11877725b5cf4f29842b76ef2f39b7
montefiore_pdfua_unified_v5_03_skills_2026-05-19,montefiore_pdfua_unified_v5_03_skills_2026-05-19/skills/montefiore-pdfua-unified-v5/references/V5_HARD_MULTIPASS_GATE.md,572,c013e0667e58b49e88362753054256ddedd05c1003aecb2dc095370548f30e42
montefiore_pdfua_unified_v5_03_skills_2026-05-19,montefiore_pdfua_unified_v5_03_skills_2026-05-19/skills/montefiore-pdfua-unified-v5/references/V5_VERAPDF_PROFILE_SELECTION.md,399,56d09da6ea399029d8f683a2ec2296ba7b43493fe5b7eca2b009e1c2b470cf7f
montefiore_pdfua_unified_v5_03_skills_2026-05-19,montefiore_pdfua_unified_v5_03_skills_2026-05-19/skills/montefiore-pdfua-unified-v5/references/validation_profiles/PDF_UA/ISO-32000-1-Tagged.xml,750806,65c334eb7aafc846b073c12d71a72fb4c9638dc1bc85c93f752284e4132e46cd
montefiore_pdfua_unified_v5_03_skills_2026-05-19,montefiore_pdfua_unified_v5_03_skills_2026-05-19/skills/montefiore-pdfua-unified-v5/references/validation_profiles/PDF_UA/PDFUA-1.xml,82079,d79d2b4c33e5938ed968bc57f9cc9844068f29e61f3d62e3ad4353812954d9ce
montefiore_pdfua_unified_v5_03_skills_2026-05-19,montefiore_pdfua_unified_v5_03_skills_2026-05-19/skills/montefiore-pdfua-unified-v5/references/validation_profiles/PDF_UA/WCAG-2-2-Complete.xml,123659,535148feac64933b634e3ce7d54e9ba9acd4fa6093e68529655e18eb2d1c105a
montefiore_pdfua_unified_v5_03_skills_2026-05-19,montefiore_pdfua_unified_v5_03_skills_2026-05-19/skills/montefiore-pdfua-unified-v5/references/validation_profiles/PDF_UA/WCAG-2-2-Machine.xml,87447,9377cada85738ddff69f24c4195147936e814c3574b093a622119f9b126838c2
montefiore_pdfua_unified_v5_03_skills_2026-05-19,montefiore_pdfua_unified_v5_03_skills_2026-05-19/skills/montefiore-pdfua-unified-v5/references/validation_profiles/PDF_UA/WCAG-2-2.xml,44783,a1b01c9e6473ed4ecfd7c49866a9b27477fe710cd516f43dbaaec64a9450e138
montefiore_pdfua_unified_v5_03_skills_2026-05-19,montefiore_pdfua_unified_v5_03_skills_2026-05-19/skills/montefiore-pdfua-unified-v5/scripts/contrast_audit.py,860,65e050d8e679bd9e3dc6a8e8559674c467c169945f03da7e302b01cfaec2d164
montefiore_pdfua_unified_v5_03_skills_2026-05-19,montefiore_pdfua_unified_v5_03_skills_2026-05-19/skills/montefiore-pdfua-unified-v5/scripts/parse_verapdf_summary.py,2535,5c69edf612893a90c246cd59a61864ea84a71777023d22c884b26ae868e59483
montefiore_pdfua_unified_v5_03_skills_2026-05-19,montefiore_pdfua_unified_v5_03_skills_2026-05-19/skills/montefiore-pdfua-unified-v5/scripts/run_verapdf_profiles.sh,3053,fdb6132c35b7ca8bdecd8627817d965954a29fe8e5e42cfa0b85f117013f864e
montefiore_pdfua_unified_v5_03_skills_2026-05-19,montefiore_pdfua_unified_v5_03_skills_2026-05-19/skills/montefiore-pdfua-unified-v5/scripts/table_semantics_audit.py,652,c5bf6a26ace7c753abfe99ac1ebfeb5f3c257e9857894e6ca135ba31229f3da0
montefiore_pdfua_unified_v5_03_skills_2026-05-19,montefiore_pdfua_unified_v5_03_skills_2026-05-19/skills/montefiore-pdfua-unified-v5/skill.zip,74294,d056cce9932dbeffacb6ad9202f839b7a13b9ca97ff1f35edc2d2125468613ac
montefiore_pdfua_unified_v5_03_skills_2026-05-19,montefiore_pdfua_unified_v5_03_skills_2026-05-19/skills/original_2_0_2026_05_07/skill.zip,11788,eabbdc4a7e0e03ed3518882a85e312a2895b44b5a893ea418c73191bf0a98bb6
montefiore_pdfua_unified_v5_03_skills_2026-05-19,montefiore_pdfua_unified_v5_03_skills_2026-05-19/skills/original_2_0_2026_05_07/skill_source/SKILL.md,2121,6df1148ec131fc65d24ec2cb2cad02fe28beb9580a6fe904406ae22063674e0d
montefiore_pdfua_unified_v5_03_skills_2026-05-19,montefiore_pdfua_unified_v5_03_skills_2026-05-19/skills/original_2_0_2026_05_07/skill_source/agents/openai.yaml,193,844b3def71ead5384f64f5c2bab850e606673dae7a11fae391a24b9a6a23e4df
montefiore_pdfua_unified_v5_03_skills_2026-05-19,montefiore_pdfua_unified_v5_03_skills_2026-05-19/skills/original_2_0_2026_05_07/skill_source/references/CURRENT_PDFUA_REMEDIATION_RULESET.md,11164,ced99b4e9bfff67751800a147d21b8897b7c19e77efa555c508e339c9fe944a4
montefiore_pdfua_unified_v5_03_skills_2026-05-19,montefiore_pdfua_unified_v5_03_skills_2026-05-19/skills/original_2_0_2026_05_07/skill_source/references/RUNBOOK.md,2213,7e875f479bc8a2abc468ac404eea38278d7256d076f76541419a68b3fe04cb5e
montefiore_pdfua_unified_v5_03_skills_2026-05-19,montefiore_pdfua_unified_v5_03_skills_2026-05-19/skills/original_2_0_2026_05_07/skill_source/scripts/metadata_audit.py,2458,851c7453511c4e9df789c8d629726b2202f1fa84ed9234731d92c9a3b71cddc3
montefiore_pdfua_unified_v5_03_skills_2026-05-19,montefiore_pdfua_unified_v5_03_skills_2026-05-19/skills/original_2_0_2026_05_07/skill_source/scripts/package_scaffold.py,862,b9751b650e9b6ede4d135c3dcd5898940a8a8b5ee7d616fcab5f3f3d13df6498
montefiore_pdfua_unified_v5_03_skills_2026-05-19,montefiore_pdfua_unified_v5_03_skills_2026-05-19/skills/original_2_0_2026_05_07/skill_source/scripts/preservation_audit.py,2245,7c54bbec549d3cd81c1092c758075bbebe9df49fc5b6b688a20a3f4255bd898b
montefiore_pdfua_unified_v5_03_skills_2026-05-19,montefiore_pdfua_unified_v5_03_skills_2026-05-19/skills/original_2_0_2026_05_07/skill_source/scripts/render_compare.py,2170,d12c490195da1c307f86275640044cf9c99f6ac72578c7379aa77cb72cb4fd2a
montefiore_pdfua_unified_v5_04_examples_readonly_2026-05-19,montefiore_pdfua_unified_v5_04_examples_readonly_2026-05-19/README_EXAMPLES_READ_ONLY.md,352,0ca8a3515d863428379967bfb06b1a53ec62531019a8f2c8106078f79069d0ce
montefiore_pdfua_unified_v5_04_examples_readonly_2026-05-19,montefiore_pdfua_unified_v5_04_examples_readonly_2026-05-19/examples_source_qa_readonly/README_START_HERE.md,1630,ce3832779477d779f9463b1f4462505890b46f0d2afa9f3124dad4d16f78b55a
montefiore_pdfua_unified_v5_04_examples_readonly_2026-05-19,montefiore_pdfua_unified_v5_04_examples_readonly_2026-05-19/examples_source_qa_readonly/examples/qa_crops/Payment Rule Waivers-NG ACO Website 2017_output_table_header_crop.png,21963,efd4f6c63239075fc891e56ceaf282347009d1ee6d9534fb7f7513101bb18861
montefiore_pdfua_unified_v5_04_examples_readonly_2026-05-19,montefiore_pdfua_unified_v5_04_examples_readonly_2026-05-19/examples_source_qa_readonly/examples/qa_crops/Payment Rule Waivers-NG ACO Website 2017_source_table_header_crop.png,22137,644c6ed7d227f2d98593fc230735bdb7650f9165f7d31e13f1fcdb12045b3221
montefiore_pdfua_unified_v5_04_examples_readonly_2026-05-19,montefiore_pdfua_unified_v5_04_examples_readonly_2026-05-19/examples_source_qa_readonly/examples/qa_crops/dc_aco_ip_directory_11-9-2020_output_section_header_crop_p001.png,13639,cee4342b72699039e5a0543f1cea999c0e1eda215e61a5315cc7e4eefa40f19f
montefiore_pdfua_unified_v5_04_examples_readonly_2026-05-19,montefiore_pdfua_unified_v5_04_examples_readonly_2026-05-19/examples_source_qa_readonly/examples/qa_crops/dc_aco_ip_directory_11-9-2020_source_section_header_crop_p001.png,16314,55f3dc753effa54473fd6febca9c1dadc90477579df88f38f971b8632771bee8
montefiore_pdfua_unified_v5_04_examples_readonly_2026-05-19,montefiore_pdfua_unified_v5_04_examples_readonly_2026-05-19/examples_source_qa_readonly/examples/qa_crops/eng_src-09.png,90427,d551dc058d07813733ad9786daef6ed4ab5b3021f1da18fa0b4c75cfb5a4f881
montefiore_pdfua_unified_v5_04_examples_readonly_2026-05-19,montefiore_pdfua_unified_v5_04_examples_readonly_2026-05-19/examples_source_qa_readonly/examples/qa_crops/output_p001_body_typography_crop.png,97677,4bd1d282a688cdf29808068999f75c0f8e52e1cf219cfe6a1da36094369462b3
montefiore_pdfua_unified_v5_04_examples_readonly_2026-05-19,montefiore_pdfua_unified_v5_04_examples_readonly_2026-05-19/examples_source_qa_readonly/examples/qa_crops/output_p001_section_headers_typography_crop.png,16082,d771380639df72a3e0f6790bd42d1ee12b380cf05a4bf5a309548ca0a1d0fe3f
montefiore_pdfua_unified_v5_04_examples_readonly_2026-05-19,montefiore_pdfua_unified_v5_04_examples_readonly_2026-05-19/examples_source_qa_readonly/examples/qa_crops/p1_x3564_376x133.png,15296,a9fbfc29fe43cb90b7f145f1c807721973bb010f39f11722a504c8d519211972
montefiore_pdfua_unified_v5_04_examples_readonly_2026-05-19,montefiore_pdfua_unified_v5_04_examples_readonly_2026-05-19/examples_source_qa_readonly/examples/qa_crops/p21_x56_738x861.png,27456,e18977b2085c14a769e58a038668289285b5638e0dde87e55180d7ca4180dd26
montefiore_pdfua_unified_v5_04_examples_readonly_2026-05-19,montefiore_pdfua_unified_v5_04_examples_readonly_2026-05-19/examples_source_qa_readonly/examples/qa_crops/page-01.png,116078,3b2653a4458c2be92f3fac8a5191ac5ef19fed3582dc6467d17b60d2a568210b
montefiore_pdfua_unified_v5_04_examples_readonly_2026-05-19,montefiore_pdfua_unified_v5_04_examples_readonly_2026-05-19/examples_source_qa_readonly/examples/qa_crops/page-02.png,278031,46434224168db79a00bae03b80ee14e3ecc620723f9cb40de05b2250de22bf55
montefiore_pdfua_unified_v5_04_examples_readonly_2026-05-19,montefiore_pdfua_unified_v5_04_examples_readonly_2026-05-19/examples_source_qa_readonly/examples/qa_crops/page-1.png,288630,f1a3b348b96d6a904c8a60fc10527a677c301b21f1ec397927d41e058f5f0f6d
montefiore_pdfua_unified_v5_04_examples_readonly_2026-05-19,montefiore_pdfua_unified_v5_04_examples_readonly_2026-05-19/examples_source_qa_readonly/examples/qa_crops/page001_img001.png,647,be959a70b2274c90ab548f483e695bf3ea16e0d70acf122492fc7f308b9e1fcd
montefiore_pdfua_unified_v5_04_examples_readonly_2026-05-19,montefiore_pdfua_unified_v5_04_examples_readonly_2026-05-19/examples_source_qa_readonly/examples/qa_crops/page001_img002.png,167,c805dd79b704c9dbf43796075b89935cd58ea3f4f3f6c98c52dfd7a6acf6fa13
montefiore_pdfua_unified_v5_04_examples_readonly_2026-05-19,montefiore_pdfua_unified_v5_04_examples_readonly_2026-05-19/examples_source_qa_readonly/examples/qa_crops/page001_img003.png,163,b6301064bdd6a32a77968624a5f0c520ee7213fcb5d24cafcfdebe7dfce2eab7
montefiore_pdfua_unified_v5_04_examples_readonly_2026-05-19,montefiore_pdfua_unified_v5_04_examples_readonly_2026-05-19/examples_source_qa_readonly/examples/qa_crops/psych_returned_logo_200.png,4116,b39234ed48a45d2bd5de82796e9c0a6196bce74d1c074735bc7b5fd15e091664
montefiore_pdfua_unified_v5_04_examples_readonly_2026-05-19,montefiore_pdfua_unified_v5_04_examples_readonly_2026-05-19/examples_source_qa_readonly/examples/qa_crops/psych_source_logo_200.png,25765,ef04b5e512f047861f61755f54ccabd9f6f71e85601c85ce8fd75dbd57df5da7
montefiore_pdfua_unified_v5_04_examples_readonly_2026-05-19,montefiore_pdfua_unified_v5_04_examples_readonly_2026-05-19/examples_source_qa_readonly/examples/qa_crops/reworked_page1_200.png,242190,a59804f1094e378255cbb30d3be57f6a32cc529470807496c23cb1ac8f705dac
montefiore_pdfua_unified_v5_04_examples_readonly_2026-05-19,montefiore_pdfua_unified_v5_04_examples_readonly_2026-05-19/examples_source_qa_readonly/examples/qa_crops/reworked_page1_logo_crop_200.png,40054,7074a5e9f2552bd0922b8df832cfb44a6dd5bcf7297b6cdd29f7ee7e1203c3fe
montefiore_pdfua_unified_v5_04_examples_readonly_2026-05-19,montefiore_pdfua_unified_v5_04_examples_readonly_2026-05-19/examples_source_qa_readonly/examples/qa_crops/source_p001_body_typography_crop.png,97807,761215f87398d43dea5348b3803c502564b3a6a3552d2c936e89f9eb80af461d
montefiore_pdfua_unified_v5_04_examples_readonly_2026-05-19,montefiore_pdfua_unified_v5_04_examples_readonly_2026-05-19/examples_source_qa_readonly/examples/qa_crops/source_p001_section_headers_typography_crop.png,18469,1b25135c16c5e570e567b772642ca8328c725ead27937cdbe5e9c8dabedc6293
montefiore_pdfua_unified_v5_04_examples_readonly_2026-05-19,montefiore_pdfua_unified_v5_04_examples_readonly_2026-05-19/examples_source_qa_readonly/examples/qa_crops/source_page1_200.png,234784,51e855636e0fe9ad7af36087950ed96b6781ea7b8b97b78b0bff0a68051464f4
montefiore_pdfua_unified_v5_04_examples_readonly_2026-05-19,montefiore_pdfua_unified_v5_04_examples_readonly_2026-05-19/examples_source_qa_readonly/examples/source_examples/Montefiore ROI form instructions-English (2).pdf,518993,751d7fe30a9bba2ef05d8efce0a0b685e34389705c9014bedd50de72ee43db89
montefiore_pdfua_unified_v5_04_examples_readonly_2026-05-19,montefiore_pdfua_unified_v5_04_examples_readonly_2026-05-19/examples_source_qa_readonly/examples/source_examples/Payment Rule Waivers-NG ACO Website 2017.pdf,97777,b6ea93e429f721d9fb2b3871997a40333bf6acfe95e544a590cc2f428225bc33
montefiore_pdfua_unified_v5_04_examples_readonly_2026-05-19,montefiore_pdfua_unified_v5_04_examples_readonly_2026-05-19/examples_source_qa_readonly/examples/source_examples/Psychiatry_GR_Schedule_2021-2022(b).pdf,237546,b28bac817b3893ed6eb1d39ed9da4758f8b677a429b6f01615a82f6fc18e7cf6
montefiore_pdfua_unified_v5_04_examples_readonly_2026-05-19,montefiore_pdfua_unified_v5_04_examples_readonly_2026-05-19/examples_source_qa_readonly/examples/source_examples/dc_aco_ip_directory_11-9-2020(1).pdf,2797909,2079cbb9f64f0b8b3675fe96253df675030808158008cdb8c3a2365a419eda6b
montefiore_pdfua_unified_v5_04_examples_readonly_2026-05-19,montefiore_pdfua_unified_v5_04_examples_readonly_2026-05-19/examples_source_qa_readonly/manifests/CLEAN_PACKAGE_NOTES.md,502,90f5601df124c72c0f2f0bf58facb32f17fdf9966ca771be6ba0e27f141f52d7
montefiore_pdfua_unified_v5_05_reference_outputs_recent_readonly_2026-05-19,montefiore_pdfua_unified_v5_05_reference_outputs_recent_readonly_2026-05-19/README_REFERENCE_OUTPUTS_READ_ONLY.md,243,75a39d6f3526bb3fbcfce3d50cf4f16c2ba341bb2f808f0bc5f62d439fc44b11
montefiore_pdfua_unified_v5_05_reference_outputs_recent_readonly_2026-05-19,montefiore_pdfua_unified_v5_05_reference_outputs_recent_readonly_2026-05-19/reference_outputs_recent_readonly/README_START_HERE.md,1630,ce3832779477d779f9463b1f4462505890b46f0d2afa9f3124dad4d16f78b55a
montefiore_pdfua_unified_v5_05_reference_outputs_recent_readonly_2026-05-19,montefiore_pdfua_unified_v5_05_reference_outputs_recent_readonly_2026-05-19/reference_outputs_recent_readonly/manifests/CLEAN_PACKAGE_NOTES.md,502,90f5601df124c72c0f2f0bf58facb32f17fdf9966ca771be6ba0e27f141f52d7
montefiore_pdfua_unified_v5_05_reference_outputs_recent_readonly_2026-05-19,montefiore_pdfua_unified_v5_05_reference_outputs_recent_readonly_2026-05-19/reference_outputs_recent_readonly/reference_outputs/aco_code_of_conduct_pdfua_final_verified_package.zip,2246337,f78cb26422207bbf6ef730d0d937d5f37adb8f87e1b34a77ed2339a7a16b2040
montefiore_pdfua_unified_v5_05_reference_outputs_recent_readonly_2026-05-19,montefiore_pdfua_unified_v5_05_reference_outputs_recent_readonly_2026-05-19/reference_outputs_recent_readonly/reference_outputs/batch15_pdfua_metadata_reprocessed_package.zip,6039487,8f7f0953dbb2bbb72fec5a19a7f00df2c3367aaa4c9a62d0024b0599d57a9439
montefiore_pdfua_unified_v5_05_reference_outputs_recent_readonly_2026-05-19,montefiore_pdfua_unified_v5_05_reference_outputs_recent_readonly_2026-05-19/reference_outputs_recent_readonly/reference_outputs/mmc_fa_policy_metadata_only_language_fixed_package.zip,3325051,4781025a187d965f93514f33558d827ed9035deed40286a1a544ebfc98eeb8c9
montefiore_pdfua_unified_v5_05_reference_outputs_recent_readonly_2026-05-19,montefiore_pdfua_unified_v5_05_reference_outputs_recent_readonly_2026-05-19/reference_outputs_recent_readonly/reference_outputs/montefiore_roi_instructions_english_pdfua_package.zip,463240,fef2dab84688cd97a907294ef2fdaee900f7b5ab9c31a84b502cfe2e226c16ba
montefiore_pdfua_unified_v5_05_reference_outputs_recent_readonly_2026-05-19,montefiore_pdfua_unified_v5_05_reference_outputs_recent_readonly_2026-05-19/reference_outputs_recent_readonly/reference_outputs/roi_pdfua_batch_review_required_package.zip,6228094,09d4c989a36822b0f44b7650604cb61ac8d66df96f8223bb6ef44a72b19410e4
montefiore_pdfua_unified_v5_06_reference_outputs_visual_size_readonly_2026-05-19,montefiore_pdfua_unified_v5_06_reference_outputs_visual_size_readonly_2026-05-19/README_REFERENCE_OUTPUTS_READ_ONLY.md,248,0613a7e58890f2781b196c9adaaa91f2a1b2c11f349ac35b7234208b8311325c
montefiore_pdfua_unified_v5_06_reference_outputs_visual_size_readonly_2026-05-19,montefiore_pdfua_unified_v5_06_reference_outputs_visual_size_readonly_2026-05-19/reference_outputs_visual_size_readonly/README_START_HERE.md,1630,ce3832779477d779f9463b1f4462505890b46f0d2afa9f3124dad4d16f78b55a
montefiore_pdfua_unified_v5_06_reference_outputs_visual_size_readonly_2026-05-19,montefiore_pdfua_unified_v5_06_reference_outputs_visual_size_readonly_2026-05-19/reference_outputs_visual_size_readonly/manifests/CLEAN_PACKAGE_NOTES.md,502,90f5601df124c72c0f2f0bf58facb32f17fdf9966ca771be6ba0e27f141f52d7
montefiore_pdfua_unified_v5_06_reference_outputs_visual_size_readonly_2026-05-19,montefiore_pdfua_unified_v5_06_reference_outputs_visual_size_readonly_2026-05-19/reference_outputs_visual_size_readonly/reference_outputs/Psychiatry_GR_Schedule_2021-2022b_native_rework_pdfua_package.zip,3051675,b1b68f85abd220e1ecf47aaf47f11d5830fb6a6c4c30917d81ea8a76bd7bfc21
montefiore_pdfua_unified_v5_06_reference_outputs_visual_size_readonly_2026-05-19,montefiore_pdfua_unified_v5_06_reference_outputs_visual_size_readonly_2026-05-19/reference_outputs_visual_size_readonly/reference_outputs/batch13_targeted_size_repair_package.zip,4782513,d61f71dab988507db092ce169505cb6dbc02bf1fdfb0dc3b02a2fc2723d5944e
montefiore_pdfua_unified_v5_06_reference_outputs_visual_size_readonly_2026-05-19,montefiore_pdfua_unified_v5_06_reference_outputs_visual_size_readonly_2026-05-19/reference_outputs_visual_size_readonly/reference_outputs/dc_aco_directory_typography_rework_package.zip,9178274,cb89808551b9792b4b7e86fbd6770879a1c13d5255051a0c6e6a6222e0308828
montefiore_pdfua_unified_v5_06_reference_outputs_visual_size_readonly_2026-05-19,montefiore_pdfua_unified_v5_06_reference_outputs_visual_size_readonly_2026-05-19/reference_outputs_visual_size_readonly/reference_outputs/payment_dc_aco_repair_package.zip,5807590,5b275fec2b7679e341d14e15cbdbcbc536d8e0ee97615777720131b36c59fa5d
montefiore_pdfua_unified_v5_MANIFEST_2026-05-19.md,montefiore_pdfua_unified_v5_MANIFEST_2026-05-19.md,2671,237058efa8d787bd568aae0ed01ea78970af3b864577a1f12a6c3d31456d00e0
